;$I_{2928}$;$I_{3355}$;$I_{3725}$;$\overline{I}_{3800\text{–}2500}$;$\Sigma I_{p,\ 3800\text{–}2500}$;$\overline{I}_{2928 \pm 50}$;$\overline{I}_{3355 \pm 50}$;$\overline{I}_{3725 \pm 50}$;$\log I_{2928}$;$(I_{2928})^{-1}$;$\log I_{3355}$;$(I_{3355})^{-1}$;$\log I_{3725}$;$(I_{3725})^{-1}$;$\log \overline{I}_{3800\text{–}2500}$;$(\overline{I}_{3800\text{–}2500})^{-1}$;$\log \Sigma I_{p,\ 3800\text{–}2500}$;$(\Sigma I_{p,\ 3800\text{–}2500})^{-1}$;$\log \overline{I}_{2928 \pm 50}$;$(\overline{I}_{2928 \pm 50})^{-1}$;$\log \overline{I}_{3355 \pm 50}$;$(\overline{I}_{3355 \pm 50})^{-1}$;$\log \overline{I}_{3725 \pm 50}$;$(\overline{I}_{3725 \pm 50})^{-1}$;$\frac{I_{2928}}{I_{3355}}$;$\frac{I_{2928}}{I_{3725}}$;$\frac{I_{2928}}{\overline{I}_{3800\text{–}2500}}$;$\frac{I_{2928}}{\Sigma I_{p,\ 3800\text{–}2500}}$;$\frac{I_{2928}}{\overline{I}_{3355 \pm 50}}$;$\frac{I_{2928}}{\overline{I}_{3725 \pm 50}}$;$\frac{I_{3355}}{I_{3725}}$;$\frac{I_{3355}}{\overline{I}_{3800\text{–}2500}}$;$\frac{I_{3355}}{\Sigma I_{p,\ 3800\text{–}2500}}$;$\frac{I_{3355}}{\overline{I}_{2928 \pm 50}}$;$\frac{I_{3355}}{\overline{I}_{3725 \pm 50}}$;$\frac{I_{3725}}{\overline{I}_{3800\text{–}2500}}$;$\frac{I_{3725}}{\Sigma I_{p,\ 3800\text{–}2500}}$;$\frac{I_{3725}}{\overline{I}_{2928 \pm 50}}$;$\frac{I_{3725}}{\overline{I}_{3355 \pm 50}}$;$\frac{\overline{I}_{3800\text{–}2500}}{\overline{I}_{2928 \pm 50}}$;$\frac{\overline{I}_{3800\text{–}2500}}{\overline{I}_{3355 \pm 50}}$;$\frac{\overline{I}_{3800\text{–}2500}}{\overline{I}_{3725 \pm 50}}$;$\frac{\overline{I}_{2928 \pm 50}}{\overline{I}_{3355 \pm 50}}$;$\frac{\overline{I}_{2928 \pm 50}}{\overline{I}_{3725 \pm 50}}$;$\frac{\overline{I}_{3355 \pm 50}}{\overline{I}_{3725 \pm 50}}$;Split;Fraction_hue;Fraction_grouped_hue;Class
division_1_size_bulk;0.4917195724711886;1.0;0.0889566624490072;0.5262011624290981;1.5806762349201957;0.4944428869373086;0.9822423073841188;0.0759638599748298;-0.7098466996391858;2.0336794709521007;0.0;1.0;-2.4196059666183825;11.241428943821177;-0.6420717012770961;1.900413893773454;0.45785275225931077;0.6326406242518648;-0.7043236311774639;2.022478280948133;-0.017917252201500443;1.0180787291306694;-2.577497578441434;13.164154643159845;0.4917195724711886;5.527630634220994;0.9344707073645896;0.31108177728503283;0.5006092374301437;6.473072493079171;11.241428943821177;1.900413893773454;0.6326406242518648;2.022478280948133;13.164154643159845;0.16905447726180856;0.05627759846310234;0.17991291774875143;0.09056488585379119;1.0642304224225116;0.5357142107128972;6.926993475627119;0.5033817859608344;6.508922625853129;12.930389631458688;Train;$> 0$;$d > 5$;2
division_1_size_5;0.4069366353059991;1.0;0.0285251930811068;0.4779091772099712;1.435461828387106;0.396989291591761;0.9824717331889186;0.0357645686458492;-0.899097792868901;2.4573850404204634;0.0;1.0;-3.5569676144188063;35.056730278973426;-0.7383345703809573;2.092447786497823;0.3614866290635397;0.6966399107412047;-0.9238459719792345;2.5189596323629244;-0.017683705943770552;1.0178409884162143;-3.3307975782844226;27.96063360646904;0.4069366353059991;14.265867864555386;0.8514936617909096;0.2834883012968974;0.41419678710262664;11.378206160840355;35.056730278973426;2.092447786497823;0.6966399107412047;2.5189596323629244;27.96063360646904;0.05968747712198493;0.019871787961897872;0.07185380987666622;0.0290341107204371;1.2038339253276966;0.48643554930457683;13.36264340113709;0.4040719729444107;11.10007212788893;27.47053216040796;Train;$< 5$;$2 < d \leq 5$;1
division_1_size_3;0.6184449341652019;1.0;0.0792332099957395;0.5357889560004412;1.6976781441609414;0.5817334167271435;0.9815907366028092;0.0677098119551096;-0.4805471223739017;1.6169588345805341;0.0;1.0;-2.535359749923011;12.620970424570348;-0.6240149342519586;1.8664065184635432;0.5292615199581808;0.5890398032391698;-0.5417429830467855;1.7190004411746564;-0.01858082266866748;1.0187545203013055;-2.6925241766984587;14.76890824424357;0.6184449341652019;7.805375223324369;1.1542696564366897;0.3642886823349319;0.6300435722382427;9.133756486803122;12.620970424570348;1.8664065184635432;0.5890398032391698;1.7190004411746564;14.76890824424357;0.147881379614839;0.046671514425898224;0.13620192293836042;0.08071919084114221;0.921021451741267;0.5458374208529667;7.9130179294495715;0.5926435479011005;8.591567454253491;14.497023522286348;Train;$< 3$;$2 < d \leq 5$;1
division_1_size_2.5;1.0;0.7283045249056076;0.1419615846593059;0.5560005315438089;1.8702661095649131;0.9006440533604589;0.6612001528199729;0.1109871896813163;0.0;1.0;-0.31703601480817684;1.3730520212401613;-1.95219878854914;7.044159181513108;-0.5869860287179669;1.7985594316310596;0.6260807253223264;0.5346832704104517;-0.10464515674308406;1.110316552103827;-0.4136986819101088;1.5124013443358553;-2.19834049260628;9.010048843216552;1.3730520212401613;7.044159181513108;1.7985594316310596;0.5346832704104517;1.5124013443358553;9.010048843216552;5.130293006051378;1.3098989723685586;0.38941224523126056;0.8086485689748101;6.562059342135151;0.25532634701828577;0.0759044843582879;0.15762229721011606;0.21470289148278257;0.617336593151617;0.8408959513583067;5.009591946064084;1.362135277070452;8.11484691113027;5.957445672050205;Train;$< 2.5$;$2 < d \leq 5$;1
division_1_size_2;1.0;0.7501454275343038;0.119298291983348;0.5091237631971428;1.869443719517652;0.8830913810098946;0.6664854909693388;0.0775857062595598;0.0;1.0;-0.2874881878695396;1.333074845616213;-2.1261282669686183;8.382349683091714;-0.6750641422880205;1.9641589575790046;0.6256409104179067;0.5349184838033085;-0.12432659448039153;1.132385641513577;-0.4057369085885604;1.50040775613224;-2.5563720664455265;12.88897205697324;1.333074845616213;8.382349683091714;1.9641589575790046;0.5349184838033085;1.50040775613224;12.88897205697324;6.287981286764871;1.473404860978435;0.40126665472863443;0.8494539111869089;9.668603454155887;0.23432080882296852;0.06381486146805691;0.13509167289903753;0.17899608258514396;0.5765244391978029;0.763893243132227;6.562081957389035;1.324997157440777;11.38214013359044;8.590312869481899;Train;$< 2$;$d \leq 2$;0
division_1_size_0.4;1.0000000000000002;0.7370333065542839;0.0934761681072657;0.5108440189248348;1.8305094746615496;0.8925717616850501;0.7319600721346033;0.0660620022266073;2.2204460492503128e-16;0.9999999999999998;-0.3051221957457034;1.3567907869389457;-2.370048761729902;10.697913920182103;-0.6716909820981329;1.9575446965292536;0.6045943295612346;0.5462959978313656;-0.11364836331131581;1.1203580965995836;-0.31202931277273016;1.366194739398443;-2.7171615502658613;15.137294757881824;1.356790786938946;10.697913920182105;1.957544696529254;0.5462959978313657;1.3661947393984433;15.137294757881827;7.884718869824916;1.4427756404107581;0.4026383456390233;0.825741232461655;11.156690407688469;0.18298377713025493;0.05106565652961118;0.1047267817780789;0.12770664912727092;0.5723282327019096;0.697912411308268;7.7327964897661845;1.2194268453497163;13.511121849188454;11.079895362901933;Test;$< 0.4$;$d \leq 2$;0
division_1_size_0.2;1.0;0.3618943163332342;0.0366181614425768;0.3110069185322309;1.3985124777758111;0.824053635017073;0.3626061956953762;0.0290376180715514;0.0;1.0;-1.016403053611107;2.763237649411423;-3.3072109473703546;27.30885332864573;-1.1679401209659996;3.215362554374706;0.33540915587664283;0.7150454614394262;-0.19351966015085809;1.2135132441704255;-1.01443789394753;2.7578127783566484;-3.539163114719054;34.43808640005894;2.763237649411423;27.30885332864573;3.215362554374706;0.7150454614394262;2.7578127783566484;34.43808640005894;9.882918805214812;1.1636214333789159;0.2587708884148031;0.43916354586038125;12.46294773357418;0.11774066511250911;0.026183650145770728;0.04443662388773776;0.10098603354626501;0.37741101466749477;0.8576988540855114;10.71048313142906;2.2725856447013295;28.378830281000592;12.487463496554046;Test;$< 0.2$;$d \leq 2$;0
division_2_size_bulk;0.4230265877273844;1.0000000000000002;0.0005714822854906;0.4687212422681026;1.4235980700128752;0.4151317474873783;0.9936190632964996;0.0077177192326038;-0.8603202467636802;2.3639176094634524;2.2204460492503128e-16;0.9999999999999998;-7.467277071726696;1749.8355161464553;-0.757747053407542;2.1334642209964376;0.3531875189441274;0.7024454591954847;-0.8791593453074085;2.4088738239187646;-0.006401381899513988;1.0064219145336548;-4.864236394786539;129.571959002533;0.4230265877273843;740.2269474796213;0.9025120894465853;0.2971531056680615;0.42574322831923334;54.81238368199408;1749.8355161464556;2.133464220996438;0.702445459195485;2.408873823918765;129.57195900253302;0.0012192370090274667;0.00040143513645352964;0.0013766287183515768;0.0005751522958855185;1.129090331214318;0.4717313300260569;60.73312958677892;0.41779768808994905;53.78943376608446;128.7451685335893;Train;$> 0$;$d > 5$;2
division_2_size_5;0.381564379349626;1.0;0.0003587053921149;0.435523857660525;1.3819230847417407;0.366102025946862;0.9795271657562844;0.0099695054631743;-0.9634756892848177;2.620789712353374;0.0;1.0;-7.9330091411584815;2787.803088501333;-0.8312057019615406;2.296085466756367;0.3234760687617594;0.7236292750597505;-1.0048432250093027;2.731479011659841;-0.02068530767249861;1.020900731454353;-4.608224298728675;100.30587812944526;0.381564379349626;1063.7263552129816;0.8761044260565894;0.2761111552173935;0.3895393539749594;38.273150133581005;2787.803088501333;2.296085466756367;0.7236292750597505;2.731479011659841;100.30587812944526;0.0008236182376821659;0.00025956972285612865;0.0009797962499310628;0.00036620259718672194;1.189624276276852;0.4446266248514515;43.685602988962486;0.3737538260760719;36.72218519756895;98.25233251283079;Test;$< 5$;$2 < d \leq 5$;1
division_2_size_3;1.0;0.5817850295446401;0.0584770880314663;0.2919212737090671;1.6402621175761063;0.7762236550505488;0.5654216614196138;0.0420517633243962;0.0;1.0;-0.5416542645263429;1.718847940763781;-2.8391202590439617;17.10071471859036;-1.2312711236507097;3.4255811071741697;0.49485605685531525;0.6096586571649584;-0.2533145850536351;1.2882884893979154;-0.5701835227840517;1.7685915985059415;-3.16885395944961;23.780215642463986;1.718847940763781;17.10071471859036;3.4255811071741697;0.6096586571649584;1.7685915985059415;23.780215642463986;9.948939817789554;1.9929518056448852;0.3546902798708609;0.7495069568663859;13.834973460128822;0.20031800796315172;0.0356510629641808;0.07533535940444663;0.10342208659754364;0.37607881672976945;0.5162895121070095;6.941950839424369;1.3728226348839747;18.45876590388363;13.445849037478677;Test;$< 3$;$2 < d \leq 5$;1
division_2_size_2.5;1.0;0.3598341175295755;0.0783771963712082;0.2790942511574584;1.4382113139007835;0.8042391886734571;0.3235036956231898;0.0616341403321717;0.0;1.0;-1.0221121383659146;2.779058325167868;-2.546222256546649;12.758813102523137;-1.2762057364396784;3.5830189832030026;0.3634001983642445;0.6953081166409083;-0.21785855569695903;1.243411181752332;-1.1285447412325857;3.0911547952292286;-2.786539335797646;16.224774039365023;2.779058325167868;12.758813102523137;3.5830189832030026;0.6953081166409083;3.0911547952292286;16.224774039365023;4.591056253471198;1.2892924739125693;0.2501955825626324;0.44742176531225697;5.838227248571679;0.2808269824482685;0.05449630079645941;0.09745508236235857;0.2422760463994831;0.3470289126519775;0.8627235327862882;4.528241160715552;2.4860278245792213;13.048599109829095;5.248774362385774;Train;$< 2.5$;$2 < d \leq 5$;1
division_2_size_2;1.0000000000000002;0.493965056454232;0.0715591818471227;0.2360311885886891;1.5655242383013548;0.7862469113353144;0.4263939983971109;0.0453171476796294;2.2204460492503128e-16;0.9999999999999998;-0.7052905002187252;2.024434698231846;-2.637230453510349;13.974447082645183;-1.4437913276514163;4.236728230617914;0.44822074445038435;0.6387636649337559;-0.24048439932456436;1.2718650917199283;-0.8523914812832366;2.3452487693522275;-3.0940697821456564;22.06670214704426;2.0244346982318464;13.974447082645186;4.236728230617915;0.638763664933756;2.345248769352228;22.066702147044264;6.902888542095505;2.0927956996184163;0.31552692980991487;0.6282569118336013;10.90017977182344;0.30317680589162577;0.045709405256329196;0.09101362538339375;0.16782408316281677;0.30019982932311673;0.5535518545663667;5.208429935999435;1.843944601216136;17.349876406469903;9.409109359916314;Train;$< 2$;$d \leq 2$;0
division_2_size_0.4;1.0;0.1271094231510702;0.0279735902900369;0.1226904559329678;1.155083013441107;0.7554614683113593;0.1000420732605799;0.0215161015745836;0.0;1.0;-2.0627069638727016;7.867237339370935;-3.576494417830911;35.748003371457145;-2.098090714047978;8.150593233970474;0.14417221450019224;0.8657386424728909;-0.28042650014328385;1.323694247749318;-2.302164448871392;9.995794443356814;-3.838953713696265;46.47682093029685;7.867237339370935;35.748003371457145;8.150593233970474;0.8657386424728909;9.995794443356814;46.47682093029685;4.543908087348431;1.0360172043090028;0.11004353944431979;0.16825401225980563;5.907641898345619;0.22800135574783692;0.02421781808278939;0.03702848055581802;0.279618258381891;0.16240465077221067;1.2263885776676737;5.702262350253021;7.551437547116866;35.11144738244617;4.649637524427611;Train;$< 0.4$;$d \leq 2$;0
division_2_size_0.2;1.0;0.3266074752413436;0.0689265273017526;0.3021240173635342;1.3955340025430962;0.8146109656971446;0.3359152841643716;0.0513984374549648;0.0;1.0;-1.1189962106447986;3.061779278814911;-2.6747141634240186;14.50820227199482;-1.1969176923807117;3.309899056441906;0.33327713954698257;0.7165715763125008;-0.20504462240846047;1.227579841310139;-1.0908962812723415;2.9769410537172085;-2.9681475066919543;19.455844370292343;3.061779278814911;14.50820227199482;3.309899056441906;0.7165715763125008;2.9769410537172085;19.455844370292343;4.738487314346953;1.0810377741281965;0.23403763336913566;0.40093675262747375;6.35442420846969;0.2281398476798882;0.049390790318363485;0.08461281544714443;0.20519020881474734;0.37088135329110905;0.8994053906034758;5.8780778623524235;2.4250488265920507;15.8489441709372;6.535515490304542;Test;$< 0.2$;$d \leq 2$;0
division_3_size_bulk;0.5892752429782996;1.0;0.0060235287749736;0.6147869433883898;1.5952987717532732;0.5968285565688453;0.9980311597287768;0.0148570359198798;-0.5288618989179187;1.696999851793919;0.0;1.0;-5.112082016150224;166.01564255072108;-0.48647950471238544;1.626579761906643;0.4670610364086864;0.6268418290706606;-0.5161253817587076;1.67552304425408;-0.001970780984951971;1.001972724250171;-4.209281726622379;67.30817677178305;0.5892752429782996;97.8289081022747;0.9585031844211218;0.3693823711345752;0.5904377205401483;39.663042221618795;166.01564255072108;1.626579761906643;0.6268418290706606;1.67552304425408;67.30817677178305;0.009797750000634374;0.003775799794764207;0.010092561270195815;0.006035411536259593;1.0300896909537756;0.6159997485003006;41.380188262569916;0.5980059347355832;40.171441987983954;67.17565772277216;Train;$> 0$;$d > 5$;2
division_3_size_5;1.0;0.504236219949203;0.0643589618391748;0.6509040080710574;1.568595181788378;0.9800283114305888;0.5097051885973056;0.0688322521652839;0.0;1.0;-0.6847104303363926;1.9831974785562618;-2.743279087516723;15.53785162816762;-0.4293931006856864;1.536324846060608;0.4501804301280484;0.6375131146711068;-0.020173818519918278;1.0203786853262;-0.6739227819796831;1.9619184233771918;-2.676082862414397;14.528073229374268;1.9831974785562618;15.53785162816762;1.536324846060608;0.6375131146711068;1.9619184233771918;14.528073229374268;7.83474757111881;0.7746706329916421;0.3214572031098017;0.5145118912056205;7.3255807283248915;0.09887627214019078;0.041029682219091236;0.06567051287041627;0.12626703294170669;0.6641685760291;1.2770205652846638;9.456381094549542;1.9227355996269122;14.237923075323605;7.405034305333679;Train;$< 5$;$2 < d \leq 5$;1
division_3_size_3;1.0;0.4339865890910397;0.0419524068794973;0.5744041107386435;1.475938995970537;0.9621646607351916;0.4270126210489227;0.0434096537271739;0.0;1.0;-0.834741646071059;2.304218667434962;-3.1712194727565826;23.8365346444214;-0.5544221046953125;1.7409346160738124;0.3892943946808785;0.6775347780159623;-0.038569677958092095;1.0393231437495307;-0.8509417086987043;2.341851155461352;-3.137073426501024;23.036350538175626;2.304218667434962;23.8365346444214;1.7409346160738124;0.6775347780159623;2.341851155461352;23.036350538175626;10.344736366082842;0.7555422758603927;0.29404100730170224;0.4510523061192352;9.997467195168378;0.07303639736413;0.02842421468233553;0.04360210740585858;0.09824629252513552;0.5969914861555405;1.3451689304350427;13.232174445544443;2.253246422486788;22.1647624001407;9.836812422708135;Train;$< 3$;$2 < d \leq 5$;1
division_3_size_2.5;1.0;0.3840496735382382;0.0877098102051128;0.5523126313110456;1.471759483743351;0.941261477756674;0.3951248712590464;0.0749536562509214;0.0;1.0;-0.9569833765879617;2.6038298399970756;-2.4337215249122743;11.401233199130875;-0.5936410319562077;1.8105687672329018;0.38645861276030546;0.6794588457188311;-0.06053430577858484;1.062404043543053;-0.9285534342697646;2.530845494016988;-2.590885273089385;13.3415773161527;2.6038298399970756;11.401233199130875;1.8105687672329018;0.6794588457188311;2.530845494016988;13.3415773161527;4.378639888059536;0.6953483439743263;0.26094594788098524;0.40801592608841375;5.123828412753609;0.15880464293730287;0.059595206400183696;0.09318325702030558;0.22197997793869495;0.5867791728047583;1.3978179342422257;7.368721673324055;2.3821873696722498;12.557912780206811;5.2715890194374495;Test;$< 2.5$;$2 < d \leq 5$;1
division_3_size_2;1.0;0.4611234903170411;0.0764738292887029;0.6062976974808756;1.537597319605744;0.964593237372896;0.4639819273208538;0.0687285082032062;0.0;1.0;-0.7740893969832809;2.1686164790964337;-2.5708066974807444;13.076368861101676;-0.5003841635681441;1.6493547710224365;0.430221015999895;0.6503653376921927;-0.03604878218161121;1.0367064180581813;-0.7679096772539818;2.155256360466984;-2.6775911992608723;14.550002992111356;2.1686164790964337;13.076368861101676;1.6493547710224365;0.6503653376921927;2.155256360466984;14.550002992111356;6.029820849904277;0.76055622878493;0.299898734497845;0.47804968192906605;6.70934816384578;0.12613247519567747;0.04973592780996236;0.07928090963708402;0.16482070698374324;0.6285527142323213;1.3067269688321443;8.821633312456965;2.0789457101113733;14.034834489946016;6.750938430804016;Train;$< 2$;$d \leq 2$;0
division_3_size_0.4;1.0;0.5050326283684442;0.0260937279564991;0.606796741913204;1.531126356324943;0.9652345970727862;0.5073631083674722;0.0334185902377177;0.0;1.0;-0.6831322411633716;1.9800700862251115;-3.6460603017122377;38.323385668276366;-0.49956140081485095;1.6479983014527122;0.42600364516086137;0.6531139614108864;-0.035384101413663646;1.0360175681980783;-0.6785283416587695;1.9709749950438284;-3.398642939896795;29.923464541342497;1.9800700862251115;38.323385668276366;1.6479983014527122;0.6531139614108864;1.9709749950438284;29.923464541342497;19.35456019202718;0.832292913729395;0.3298438605554666;0.5232226755029594;15.112325947204143;0.043002419350879666;0.01704217803364712;0.02703356058271441;0.05143008532973582;0.6286520849474345;1.1959812053849885;18.157460790441913;1.9024532551816666;28.88316323958453;15.182061982819365;Train;$< 0.4$;$d \leq 2$;0
division_3_size_0.2;1.0;0.4813018511049289;0.0695846505598086;0.6241112746415785;1.5508865016647375;0.9718245864278048;0.4844506788272227;0.0606753980783523;0.0;1.0;-0.7312606566282589;2.0776982214057376;-2.6652112738976137;14.370985439389273;-0.47142660176455764;1.6022783766793687;0.43882670399567286;0.6447925099139039;-0.02857995744582205;1.0289922831400689;-0.7247396509193206;2.064193619092122;-2.802216966561125;16.481144445210962;2.0776982214057376;14.370985439389273;1.6022783766793687;0.6447925099139039;2.064193619092122;16.481144445210962;6.916781894180037;0.7711795486811808;0.3103398286001552;0.49525589064800224;7.932405329807753;0.11149398094077125;0.04486766148594092;0.07160206845104132;0.14363619167231195;0.6422056854268964;1.288286510718597;10.286068067252584;2.006034110181115;16.016781384324055;7.984301614331962;Test;$< 0.2$;$d \leq 2$;0
division_4_size_bulk;0.3213931830309646;1.0000000000000002;0.0016671906068434;0.4587623881661659;1.3230603736378084;0.3251325975960571;0.9643696293358436;0.0133306946315519;-1.1350900361371292;3.111453673563621;2.2204460492503128e-16;0.9999999999999998;-6.396615340512149;599.8114408126164;-0.7792228758010349;2.179777649160278;0.2799475179826359;0.7558234075520374;-1.1235221872554981;3.075668227036387;-0.03628062494220886;1.0369467988002639;-4.317686035755228;75.01484563551092;0.32139318303096454;192.7753081811558;0.7005656769633749;0.24291649076245928;0.333267632300186;24.10926001337332;599.8114408126165;2.1797776491602785;0.7558234075520375;3.0756682270363873;75.01484563551095;0.003634104821687204;0.0012601016855031276;0.005127725177881758;0.001728787962756133;1.4110009010420101;0.47571218981886976;34.41398973166328;0.3371452062628458;24.389771619740916;72.34203888020319;Train;$> 0$;$d > 5$;2
division_4_size_5;0.3495507207179157;1.0;0.008739735051942;0.4551867361525884;1.358290455769858;0.3476284283358209;0.9648668901636546;0.018784929394242;-1.05110660418128;2.860815157085575;0.0;1.0;-4.739875404197297;114.41994454715152;-0.7870475350994088;2.1969005697582067;0.3062268912220911;0.7362195587491008;-1.0566211043095886;2.8766347009858637;-0.035765124811668256;1.0364123903457672;-3.9747003585875964;53.23416335578681;0.3495507207179157;39.995574080960765;0.7679281775045808;0.2573460773673741;0.3622786980063407;18.608040167830538;114.41994454715152;2.1969005697582067;0.7362195587491008;2.8766347009858637;53.23416335578681;0.019200328915147148;0.006434363883524789;0.025141025127838848;0.009057969696171895;1.3094059606450326;0.4717611732695922;24.231485069734322;0.3602864103636704;18.50570854114452;51.363881647562;Train;$< 5$;$2 < d \leq 5$;1
division_4_size_3;0.9336647966093174;0.9332849335426442;0.0613368127375578;0.5880486491508611;1.9282865428895193;0.8476298071445263;0.92672177966062;0.0501260892595108;-0.06863779530969052;1.0710482002015975;-0.06904472975016344;1.0714841352941518;-2.7913750822336105;16.303422942413167;-0.5309455978548738;1.7005395751592904;0.6566318069758873;0.5185951246133312;-0.16531128668375547;1.1797603052313304;-0.07610188828019276;1.0790725133990222;-2.9932136627284573;19.949691164272554;1.0004070172495245;15.22193206556387;1.587733936567194;0.48419401154468955;1.007492018749403;18.626324343309232;15.215738997327694;1.5870879643891749;0.48399701641029214;1.1010525180640718;18.618746192444387;0.1043056774743515;0.03180897204501835;0.07236273691717814;0.06618686868460165;0.6937564538130914;0.6345471338401194;11.731388940127344;0.9146540264273724;16.909952874165207;18.487813299434407;Test;$< 3$;$2 < d \leq 5$;1
division_4_size_2.5;0.8859987516398168;1.0;0.0639817475946039;0.4898356570693327;1.9499804992344207;0.7580188471131571;0.9626207353600224;0.0335834680592486;-0.12103973736245416;1.1286697618356554;0.0;1.0;-2.7491574301322745;15.629457424891253;-0.7136853378705788;2.041501033189295;0.6678193721330464;0.5128256412782634;-0.2770470293834973;1.3192284120749835;-0.03809578135196513;1.0388307287251586;-3.3937213551417167;29.77655548366181;0.8859987516398168;13.847679767261315;1.8087673668771118;0.4543628779814299;0.9204027288155716;26.381990986658103;15.629457424891253;2.041501033189295;0.5128256412782634;1.3192284120749835;29.77655548366181;0.13061880381964056;0.03281148074030673;0.0844065392810117;0.06646620547881153;0.6462051160532819;0.5088563325889017;14.585618620600924;0.7874532713339656;22.571190258726283;28.663529736171036;Train;$< 2.5$;$2 < d \leq 5$;1
division_4_size_2;1.0;0.6562019936809418;0.0592841509489944;0.5130245209127532;1.715486144629936;0.878414133560856;0.6418605655410473;0.0522391535376201;0.0;1.0;-0.42128662023826113;1.5239210024195988;-2.8254132776894685;16.867914678585144;-0.6674316359035045;1.9492245677084579;0.5396965067054573;0.5829251394016474;-0.1296371182369439;1.1384151982462616;-0.4433841865115923;1.5579707707343948;-2.9519229974832903;19.142729777959527;1.5239210024195988;16.867914678585144;1.9492245677084579;0.5829251394016474;1.5579707707343948;19.142729777959527;11.068759241327594;1.279085047462162;0.3825166386421019;0.7470303227258814;12.561497444792574;0.11555812350551656;0.03455822195625086;0.06748997845546076;0.092362974346339;0.5840349116800854;0.7992772082520857;9.82068977329998;1.3685435446877923;16.815244391895913;12.286963361280549;Train;$< 2$;$d \leq 2$;0
division_4_size_0.4;1.0;0.331691278050587;0.0356054372256574;0.3567769988189615;1.3672967152762443;0.8430509504078801;0.3345552922949824;0.0409242545422685;0.0;1.0;-1.1035506280670726;3.014851659281459;-3.335256921728561;28.085598097343308;-1.030644345547746;2.8028712705984375;0.31283558998688765;0.7313701472602187;-0.17072788341416495;1.186167929134278;-1.0949531147333649;2.989042538051633;-3.1960323711072456;24.435387062876192;3.014851659281459;28.085598097343308;2.8028712705984375;0.7313701472602187;2.989042538051633;24.435387062876192;9.315747927722937;0.9296879539560685;0.24258909887278796;0.39344155639716677;8.105004764546184;0.09979745707689126;0.026040753866993522;0.04223402773987857;0.10642616645341708;0.4231974338518303;1.066421626068273;8.717984061272647;2.5199151525140113;20.600276286942194;8.174988061161576;Train;$< 0.4$;$d \leq 2$;0
division_4_size_0.2;1.0;0.2232922128326336;0.0568549842493111;0.3863678210003848;1.280147197081945;0.8626171761786856;0.2324467780509408;0.0439499326798821;0.0;1.0;-1.4992739938626303;4.478436517396779;-2.867251388938097;17.588607458142366;-0.9509654590961727;2.5882072616989604;0.2469750690400643;0.7811601683614732;-0.14778428286521672;1.1592627965396047;-1.4590939917678443;4.302060060307007;-3.1247041865954213;22.75316340718187;4.478436517396779;17.588607458142366;2.5882072616989604;0.7811601683614732;4.302060060307007;22.75316340718187;3.927399079973172;0.577926526734252;0.17442698257014594;0.25885435509387544;5.080604206132144;0.14715248309784698;0.04441284906838076;0.06590986803807156;0.24459355696834525;0.4479018406658195;1.6621775713136027;8.79109016649855;3.711030900973137;19.627269567435427;5.288899524465992;Train;$< 0.2$;$d \leq 2$;0
division_5_size_bulk;0.4890956721787031;1.0;0.0025386781759633;0.5332584791636128;1.4916343503546663;0.4898608725524812;0.9900206189851128;0.0121863005721833;-0.715197160016757;2.044589753872583;0.0;1.0;-5.97611173657247;393.90577721437677;-0.6287490208408032;1.8752631961304134;0.39987239825732473;0.6704055854990398;-0.7136338617605965;2.0413959473623096;-0.010029508812696021;1.010079972905127;-4.407442862091293;82.05935788935163;0.4890956721787031;192.65761088174008;0.9171831134233877;0.3278924704720099;0.4940257433022794;40.1348768054452;393.90577721437677;1.8752631961304134;0.6704055854990398;2.0413959473623096;82.05935788935163;0.0047606897502034656;0.0017019440289503106;0.0051824473400686214;0.0025642679831918477;1.0885916982611878;0.5386337101850114;43.758848389218265;0.4947986568750921;40.19766865677412;81.24045629113681;Train;$> 0$;$d > 5$;2
division_5_size_75;0.5035559983149885;1.0;0.0030681730352706;0.5340575647840459;1.506624171350259;0.5004156502523007;0.9895384050192548;0.0116876684417396;-0.6860603549045405;1.98587645335618;0.0;1.0;-5.786672997044537;325.92685891713546;-0.627251646610801;1.8724573265886888;0.4098714999222429;0.6637355347244861;-0.6923162253942347;1.9983387799638515;-0.010516702141663448;1.0105721970240675;-4.449220972343733;85.56026422077039;0.5035559983149885;164.12242481968656;0.9428871183925818;0.33422800980532136;0.5088796915418257;43.08438426578423;325.92685891713546;1.8724573265886888;0.6637355347244861;1.9983387799638515;85.56026422077039;0.00574502307913429;0.002036455470192581;0.0061312491600206374;0.003100610365103412;1.0672279424410158;0.5397037265811365;45.69410635202417;0.505706143100695;42.81569525579548;84.66516739004716;Train;$< 75$;$d > 5$;2
division_5_size_25;0.5722177663874805;1.0;0.0036858132533117;0.5330572274132128;1.575903579640792;0.5490738160134101;0.9920379431290112;0.0096520082561094;-0.5582356495865579;1.7475864238071288;0.0;1.0;-5.6032640847966615;271.31054431515236;-0.6291264920747882;1.8759711876579148;0.454828809133119;0.634556588943048;-0.5995223911130907;1.8212487480473425;-0.007993923306756209;1.0080259600211212;-4.64058927584162;103.60538174706112;0.5722177663874805;155.24871366538804;1.0734640428088809;0.3631045539714495;0.5768103633038817;59.284840129025554;271.31054431515236;1.8759711876579148;0.634556588943048;1.8212487480473425;103.60538174706112;0.006914479466300433;0.002338857085502551;0.0067127827731302365;0.0037153954431280987;0.9708298080639014;0.537335523409401;55.22759753917589;0.5534806605093783;56.887002315384954;102.78046980545051;Test;$< 25$;$d > 5$;2
division_5_size_5;1.0;0.6777913874673094;0.0055410653337414;0.4471161584401648;1.6833324528010507;0.8684846459253529;0.5679737509028533;0.0089003188754936;0.0;1.0;-0.388915726488751;1.4753802106230378;-5.195568498200655;180.4707109137778;-0.804936855844675;2.2365552689678174;0.5207754315305372;0.5940597166863911;-0.14100537229967613;1.1514308337996237;-0.5656800745280505;1.760644745308029;-4.721668174178729;112.35552500859598;1.4753802106230378;180.4707109137778;2.2365552689678174;0.5940597166863911;1.760644745308029;112.35552500859598;122.32149354746115;1.5159178989010182;0.40264855961130575;0.7804299024136878;76.15360718519425;0.012392898867874246;0.0032917237023031994;0.006380153477368051;0.009755847563260277;0.5148233311180436;0.7872127148999882;50.235970721371295;1.5290929282291768;97.5790483548476;63.81498897379159;Train;$< 5$;$2 < d \leq 5$;1
division_5_size_3;1.0;0.2603473416298081;0.0218130771516498;0.2834337522553803;1.282160418781458;0.8168262898940627;0.24958367951303;0.0245671963262931;0.0;1.0;-1.3457386101808493;3.841022511464378;-3.825245619695053;45.84405918742035;-1.2607768612328476;3.528161314743408;0.2485464823249692;0.7799336068651861;-0.2023288261975694;1.224250507570825;-1.3879610311910453;4.006672238950596;-3.7063432085940295;40.70468549680403;3.841022511464378;45.84405918742035;3.528161314743408;0.7799336068651861;4.006672238950596;40.70468549680403;11.935378938964469;0.9185474191345749;0.20305364119509905;0.3187303651350075;10.597356660970334;0.07696005496196416;0.01701275193971481;0.02670467077458883;0.0873978506696028;0.3469939150613528;1.1356261467432331;11.537081744734326;3.2727552197635528;33.248657235659095;10.159225179713017;Train;$< 3$;$2 < d \leq 5$;1
division_6_size_bulk;0.3907330541329539;1.0;0.0059400002754698;0.4830553269684499;1.3966730544084236;0.3905045668040129;0.9787379396168644;0.0198208469424782;-0.9397306781629747;2.5592920522657705;0.0;1.0;-5.126046099232197;168.35016054286447;-0.7276240833008298;2.0701562412649133;0.3340930188175951;0.7159871788487829;-0.9403156150101831;2.5607895144076043;-0.021491353983577963;1.0217239564570868;-3.921021019283975;50.45193088378544;0.3907330541329539;65.77997239268655;0.8088784706818358;0.2797598571116225;0.3992213219872827;19.713237041126185;168.35016054286447;2.0701562412649133;0.7159871788487829;2.5607895144076043;50.45193088378544;0.012296728643379112;0.0042529640395946155;0.015211090421001343;0.006069040582809189;1.2370030161795431;0.4935491998578763;24.37107396925661;0.39898787100955685;19.701709414198632;49.37921888288861;Test;$> 0$;$d > 5$;2
division_6_size_75;0.4407128091776546;1.0;0.0212456661444646;0.502525031521641;1.4619584753221193;0.4345646038702835;0.9782539883279084;0.0302670612001161;-0.819361842029804;2.2690513621919544;0.0;1.0;-3.8516023505543964;47.06842295272264;-0.6881098263161661;1.9899506238963054;0.3797769582717746;0.6840139558544341;-0.833410659782033;2.3011538240663927;-0.021985940897208612;1.0222294127410216;-3.4976952468818308;33.03921690276835;0.4407128091776546;20.743656903056394;0.8769967295821671;0.3014537120013279;0.45050959611311975;14.560806094248889;47.06842295272264;1.9899506238963054;0.6840139558544341;2.3011538240663927;33.03921690276835;0.042277826599269944;0.014532332144237855;0.048889545893172605;0.02171794482614785;1.1563873979751087;0.5136958678600304;16.603033515514;0.44422471981235456;14.357674205535904;32.32074570636399;Test;$< 75$;$d > 5$;2
division_6_size_25;0.4343382242681454;1.0;0.0084821394799512;0.49036385920368;1.4428203637480963;0.4239077445522792;0.9751863165505892;0.024250478851625;-0.8339317298025903;2.302353198788773;0.0;1.0;-4.769792563835846;117.89478378228145;-0.7126075936425819;2.0393020024435264;0.36659978399539644;0.6930869740445327;-0.8582394310280408;2.3590038465944403;-0.025126732342362904;1.0254450693454984;-3.7193189153348407;41.23629913118153;0.4343382242681454;51.20621103847307;0.8857468104877944;0.3010341655698845;0.4453899905040489;17.910500940027454;117.89478378228145;2.0393020024435264;0.6930869740445327;2.3590038465944403;41.23629913118153;0.017297644026469775;0.0058788603855830434;0.020009399660555444;0.008697968107216748;1.1567702300923757;0.5028412016056438;20.22079078124353;0.4346941065085057;17.48038655838227;40.21307465791518;Train;$< 25$;$d > 5$;2
division_6_size_5;0.6401700078071486;1.0;0.0214666606230682;0.5113951696683705;1.6616366684302168;0.5861464550984125;0.9854500807131876;0.0257933116740198;-0.44602150070506363;1.5620850521026757;0.0;1.0;-3.8412542160740686;46.58386404662279;-0.6706126614798448;1.955434973405165;0.5078030614815594;0.6018162808989531;-0.5341855972546383;1.706058257798561;-0.014656807438733052;1.0147647451368438;-3.657640058103492;38.7697404907973;0.6401700078071486;29.821592610413663;1.251810822191156;0.38526473324155197;0.6496219548166725;24.81922507267483;46.58386404662279;1.955434973405165;0.6018162808989531;1.706058257798561;38.7697404907973;0.04197665894456707;0.012918985859494908;0.0366233736233447;0.021783610396106923;0.8724699522110196;0.518945789012737;19.826658016289976;0.594800758120805;22.72474595376622;38.20564389588553;Test;$< 5$;$2 < d \leq 5$;1
division_6_size_3;0.9999999999999998;0.6798701068385078;0.0522608852093909;0.4216581243651512;1.7321309920478984;0.8526029350277748;0.6894325522584357;0.0366964431806608;-2.2204460492503136e-16;1.0000000000000002;-0.38585351841364096;1.4708691997801484;-2.9515070804684327;19.134769646425877;-0.8635604251163971;2.3715895466394743;0.5493524377930439;0.5773235422672623;-0.15946133221292833;1.1728789087119709;-0.37188640776863574;1.4504682100144688;-3.3050754446765658;27.25059742375808;1.4708691997801482;19.134769646425873;2.371589546639474;0.5773235422672622;1.4504682100144686;27.250597423758073;13.009157883845797;1.6123728384508675;0.39250501836162943;0.7974053089746401;18.526866581903572;0.12394136906071697;0.030171439371108333;0.061295690012711984;0.07580275262343684;0.49455392075493504;0.6116017048859792;11.490435797531655;1.2366734530228192;23.233939344756458;18.787448932428685;Test;$< 3$;$2 < d \leq 5$;1
division_7_size_bulk;0.4577376195086877;1.0;0.0164458960010119;0.5173690514816278;1.4741835155096996;0.4609369204981374;0.9877002678703533;0.0178332841380009;-0.7814591421970183;2.184657667144224;0.0;1.0;-4.107679316118033;60.805443494138046;-0.658998826478003;1.9328562408907655;0.3881042877200967;0.6783415968765935;-0.7744940772390679;2.1694942529647956;-0.01237599986190282;1.0124528994572077;-4.026688672368863;56.074921044357865;0.4577376195086877;27.832938958176772;0.8847410145578496;0.3105024677680137;0.46343778006221104;25.667600872981986;60.805443494138046;1.9328562408907655;0.6783415968765935;2.1694942529647956;56.074921044357865;0.031787552722596334;0.011155935355392796;0.035679276859052034;0.016650695090396198;1.122429183851239;0.5238117962619995;29.0114287126266;0.4666769216252157;25.847001423362514;55.38521453632117;Train;$> 0$;$d > 5$;2
division_7_size_75;0.4793945217804277;1.0;0.0146677478349572;0.5277080166734804;1.494062269615385;0.4814879450890036;0.9898945562737484;0.017153685125856;-0.7352313842886387;2.0859645961036244;0.0;1.0;-4.222104220429069;68.17679246003468;-0.6392121469605329;1.8949873195099676;0.4014987656381547;0.669316145877527;-0.7308740842172761;2.076895195818763;-0.010156850340363502;1.0102086062219509;-4.065542252309553;58.296511371348736;0.4793945217804277;32.68358081790179;0.9084465398164554;0.320866493672876;0.48428847167824457;27.94702819033499;68.17679246003468;1.8949873195099676;0.669316145877527;2.076895195818763;58.296511371348736;0.027795196153013676;0.009817360449596994;0.030463375011903673;0.014817485096767152;1.0959942446241993;0.5330951800158668;30.76353639475744;0.48640326592103356;28.069067466048434;57.707399256248785;Test;$< 75$;$d > 5$;2
division_7_size_25;0.4637946128484577;1.0;0.0243515879694211;0.5180418042247948;1.488146200817879;0.4651722068910274;0.989186590420636;0.0248418880469478;-0.7683134694751281;2.1561268119488584;0.0;1.0;-3.715158217229959;41.06508377423785;-0.6576993368423073;1.9303461455131297;0.3975311848221888;0.6719769868379896;-0.7653476045526909;2.149741504728942;-0.010872299410750252;1.0109316176382515;-3.695224016474114;40.25458926914636;0.4637946128484577;19.045764630662124;0.8952841432217745;0.3116593064535985;0.4688646382187979;18.669861645457413;41.06508377423785;1.9303461455131297;0.6719769868379896;2.149741504728942;40.25458926914636;0.04700699397389592;0.016363706708411828;0.05234961936392252;0.024617790217987056;1.1136559677267066;0.5237048391492102;20.853560053316645;0.4702572915927017;18.72531612782068;39.81929990793;Train;$< 25$;$d > 5$;2
division_7_size_5;1.0;0.5184442934959487;0.1913689957832756;0.6058583567907804;1.7098132892792242;0.957853269825804;0.5164165565218418;0.1508958528872778;0.0;1.0;-0.6569226948935735;1.9288475397363292;-1.653551799587776;5.225506858657997;-0.5011090549017068;1.6505508074477673;0.5363841769971641;0.584859180982008;-0.04306067576301127;1.0440012385006117;-0.6608415590947878;1.9364212618107743;-1.8911653961089951;6.627087364336115;1.9288475397363292;5.225506858657997;1.6505508074477673;0.584859180982008;1.9364212618107743;6.627087364336115;2.7091342114951797;0.8557186472464253;0.3032169048788363;0.5412564845033451;3.435775626539166;0.3158642505105539;0.1119239141391559;0.19978946860835806;0.3705709922861113;0.6325168748455202;1.1731970037354051;4.015076260865622;1.8548074373856596;6.347777301350617;3.422337636459865;Test;$< 5$;$2 < d \leq 5$;1
division_7_size_3;0.9999999999999998;0.5202119342194383;0.2124306249941665;0.5807586752649693;1.7326425592136043;0.942243127845969;0.5157828983035229;0.1731025904581942;-2.2204460492503136e-16;1.0000000000000002;-0.6535189846324352;1.922293461991541;-1.5491398145364856;4.707419186981447;-0.5434199694062217;1.721885599976192;0.5496477339570526;0.5771530860086173;-0.059491940206175487;1.0612972071083895;-0.6620693417582205;1.9388002263920154;-1.7538708518155068;5.77692105792899;1.9222934619915406;4.707419186981446;1.7218855999761915;0.577153086008617;1.938800226392015;5.776921057928989;2.4488556404413147;0.8957454384682129;0.3002419232132606;0.5520994728915432;3.005223277378244;0.36578123417139785;0.1226049907781225;0.22545202901059855;0.41186054383128734;0.6163575600626799;1.1259750510828495;3.354997020713145;1.8268211895840853;5.443264166942256;2.979637086529268;Train;$< 3$;$2 < d \leq 5$;1
division_7_size_2.5;1.0;0.4159094590560209;0.2229422742913122;0.4970424601300691;1.638851733347333;0.9095789707384808;0.4080678986240528;0.1679161458191161;0.0;1.0;-0.8772876889092602;2.404369456442935;-1.5008424007121828;4.485466039039904;-0.6990798236774052;2.0119005521949047;0.49399583401471586;0.6101833251001378;-0.09477345605396073;1.0994097622860683;-0.8963217002277394;2.450572572289706;-1.7842905562158058;5.955353460037295;2.404369456442935;4.485466039039904;2.0119005521949047;0.6101833251001378;2.450572572289706;5.955353460037295;1.8655477539112393;0.8367684703378926;0.25378101666740244;0.45725491951330727;2.476887836051514;0.44853768475427896;0.13603565823245983;0.245104912782127;0.5463362225821781;0.546453332937682;1.218038620058147;2.960063534721056;2.228989278023222;5.416864270564573;2.430188572000901;Train;$< 2.5$;$2 < d \leq 5$;1
division_7_size_2;0.9999999999999998;0.3834146779092672;0.2075046755911774;0.4556098431880889;1.5909193535004444;0.895345169609067;0.3824430810171683;0.1546254533400722;-2.2204460492503136e-16;1.0000000000000002;-0.9586381655633076;2.608142195945467;-1.572601406595718;4.819168518256355;-0.7861184427520426;2.1948603941534492;0.4643120588819996;0.628567373826797;-0.11054597068899602;1.1168876919687056;-0.9611754445867783;2.614768182863554;-1.866749516405895;6.467240537692532;2.608142195945466;4.819168518256354;2.194860394153449;0.6285673738267968;2.6147681828635534;6.467240537692531;1.8477399452177408;0.841541691080152;0.2410019571800753;0.4282311346770061;2.4796349477211383;0.4554437940567353;0.13043066899312783;0.23175941819374513;0.5425766235312341;0.5088650261965685;1.191314121767668;2.9465384472377463;2.3411200621743604;5.790412576122954;2.47335139691426;Train;$< 2$;$d \leq 2$;0
division_7_size_0.4;0.9753633263031936;0.2211851893991143;0.0405753669314158;0.4007326791179587;1.2371238826337236;0.8834694406816641;0.2266599369026908;0.0324704713404819;-0.024945235035961303;1.02525897071626;-1.508754967275797;4.521098373343457;-3.2045941223342442;24.6454949302194;-0.9144607095919544;2.495429127968978;0.212789236038371;0.8083264853565768;-0.12389857674910369;1.1319010640916156;-1.4843044600560429;4.4118956956619915;-3.4274241767891285;30.797212319898488;4.409713547968232;24.038311913527288;2.4339500548097;0.7884120094963604;4.303201261023622;30.038471449201882;5.451218463975489;0.5519519643018851;0.17878984675991483;0.250359751242163;6.811887239941484;0.10125295251868424;0.032798143743724806;0.04592730100557729;0.17901428671461928;0.45358974590990137;1.7679907821116199;12.341449402317526;3.8977750225923407;27.208395942815173;6.980494201206963;Train;$< 0.4$;$d \leq 2$;0
division_8_size_bulk;0.3945610738193382;1.0;0.0028012110502287;0.5038355085332599;1.3973622848695668;0.4007442791603852;0.9744179496658256;0.011827531123965;-0.929981337448278;2.534461877650608;0.0;1.0;-5.877703437371079;356.9884532328818;-0.6855054361395047;1.9847747589508902;0.33458637726974794;0.7156340276446937;-0.9144317629271563;2.4953568946639453;-0.025914960946352573;1.0262536731214236;-4.437325318970994;84.54849871194126;0.3945610738193382;140.85374744867042;0.7831148601811814;0.2823613304091483;0.404919751277829;33.35954644159648;356.9884532328818;1.9847747589508902;0.7156340276446937;2.4953568946639453;84.54849871194126;0.005559772986988238;0.002004641946157987;0.006990021307597018;0.002874753129485524;1.2572494099949851;0.5170630412812584;42.59853584425459;0.41126528847074245;33.88232717040965;82.38557476221351;Train;$> 0$;$d > 5$;2
division_8_size_70;0.5060607933578499;1.0;0.0008248483468586;0.5421567646765485;1.5068856417047083;0.4991131501580143;0.9767849537761844;0.0117298554916514;-0.6810984719355131;1.9760471728401052;0.0;1.0;-7.100311010516502;1212.3440676197724;-0.6122000856419306;1.844484962936138;0.4100450320302007;0.6636203652911052;-0.694922455111705;2.0035537025690666;-0.02348875989131345;1.0237667934319297;-4.4456179359449495;85.25254217426118;0.5060607933578499;613.5198006823449;0.9334215236800864;0.3358322485476429;0.5180882356975844;43.142969128480175;1212.3440676197724;1.844484962936138;0.6636203652911052;2.0035537025690666;85.25254217426118;0.0015214203724834194;0.0005473861612520684;0.0016526279594065217;0.0008444523471310571;1.086240193240565;0.5550420925103394;46.220242445648445;0.5109754692969796;42.55066488357446;83.27340046698791;Train;$< 70$;$d > 5$;2
division_8_size_25;0.4135280314645398;1.0;0.0021344645923766;0.4973383269555296;1.4156624960569164;0.4141588076020973;0.9801373029833004;0.0090959116979923;-0.8830299760916773;2.418215753012986;0.0;1.0;-6.149539440155612;468.50156407914886;-0.6984847461416482;2.010703671525836;0.34759761661930394;0.7063830558380457;-0.8815057854681203;2.414532738757422;-0.020062612046319858;1.0202652189200865;-4.699930230365511;109.93950174568269;0.4135280314645398;193.7385295317084;0.8314823311446016;0.2921091945406132;0.4219082675517611;45.4630657370845;468.50156407914886;2.010703671525836;0.7063830558380457;2.414532738757422;109.93950174568269;0.004291775792633527;0.0015077496213410915;0.005153734638011815;0.0021777199846182847;1.2008396726729689;0.5074169970286329;54.677127864522355;0.4225518265058357;45.532412951360634;107.75580673234127;Test;$< 25$;$d > 5$;2
division_8_size_5;0.9875071736621526;0.9999999999999998;0.0813817559651809;0.6804251607700692;2.068888929627333;0.9206756413071076;0.9735976813397872;0.0769675583134248;-0.012571517765243635;1.0126508714782476;-2.2204460492503136e-16;1.0000000000000002;-2.508604159286;12.287766319859811;-0.38503743976427246;1.469669344484929;0.7270117142036788;0.48335122571327643;-0.08264748574831686;1.086158854578007;-0.026757118844330928;1.0271183047846622;-2.5643712665137897;12.9924869894902;0.9875071736621528;12.134257389145752;1.4513090205902206;0.4773128027902548;1.0142866941745632;12.830174105833756;12.287766319859807;1.4696693444849287;0.4833512257132763;1.0861588545780068;12.992486989490196;0.11960427194237987;0.03933597149646893;0.08839351484268777;0.08358869122735567;0.7390498132480746;0.6988771376629848;8.840415048626902;0.9456428039558881;11.96186629122314;12.64945520780501;Train;$< 5$;$2 < d \leq 5$;1
division_8_size_3;1.0000000000000002;0.6258922973258889;0.0506115680617792;0.4600099049107864;1.6765038653876685;0.8620761816653307;0.6052631270187234;0.0534098790983715;2.2204460492503128e-16;0.9999999999999998;-0.46857697168434304;1.5977189754091528;-2.9835751109960658;19.758328743724086;-0.7765072573160624;2.1738662348888735;0.5167105925508759;0.5964793882349706;-0.148411634421524;1.1599902900324106;-0.5020919948097813;1.6521739973250769;-2.9297595482845553;18.72312794713835;1.597718975409153;19.758328743724093;2.173866234888874;0.5964793882349707;1.6521739973250773;18.72312794713836;12.366585768729614;1.3606061318337774;0.3733318546099265;0.7260289875041096;11.718661563960978;0.11002277890428191;0.030188757155102636;0.05870892751497834;0.08361911671551994;0.5336070230152448;0.7600164034055825;8.612824306595602;1.4242998510607485;16.140762649500473;11.332418968856611;Train;$< 3$;$2 < d \leq 5$;1
division_8_size_2.5;1.0;0.4772661974582827;0.0256000548624684;0.3876593038425959;1.5028662523207512;0.8399963624310195;0.461000436207693;0.033938603377932;0.0;1.0;-0.73968087780441;2.0952667616637757;-3.665160784433745;39.06241628669613;-0.9476284079793678;2.57958467677081;0.40737411966603776;0.665395206297156;-0.17435771759341664;1.1904813457833516;-0.774356289765344;2.1691953444258205;-3.38320216975956;29.464972051567475;2.0952667616637757;39.06241628669613;2.57958467677081;0.665395206297156;2.1691953444258205;29.464972051567475;18.64317088468395;1.2311485697040578;0.3175706399164132;0.5681765050470392;14.062635169266184;0.06603750924771555;0.017034153786430674;0.030476387764799013;0.055531519824712036;0.46150116974397076;0.8409087571187135;11.422370553252192;1.8221161987199914;24.750469342448334;13.583364968620089;Test;$< 2.5$;$2 < d \leq 5$;1
division_8_size_2;1.0;0.4789896908804711;0.039066160919096;0.3523103635189953;1.5180558517995673;0.8180557192497966;0.4594483778773591;0.0456055228437568;0.0;1.0;-0.7360762039730335;2.087727604662673;-3.24249863634806;25.597601004893935;-1.0432427773233703;2.8384064266848728;0.41743047131343447;0.6587372913944886;-0.2008248282569154;1.222410621268019;-0.7777286876163824;2.1765230832242284;-3.0877264548009586;21.927168852464884;2.087727604662673;25.597601004893935;2.8384064266848728;0.6587372913944886;2.1765230832242284;21.927168852464884;12.260986992615782;1.3595674169109297;0.3155283715764849;0.585522085610173;10.502887830526051;0.11088564221866751;0.025734337029026524;0.04775489003966855;0.08502840101336469;0.43066793034841666;0.7668116386582124;7.7251688293542955;1.7805171563107811;17.9376458867149;10.074402160707946;Test;$< 2$;$d \leq 2$;0
division_8_size_0.4;1.0;0.2962527497241622;0.0642356804672742;0.3816921234533985;1.3604884301914364;0.8477805894802967;0.2920906948090201;0.0332381531649463;0.0;1.0;-1.2165423048065476;3.3754960955842246;-2.745196452151168;15.567671934439375;-0.963140954881649;2.619912590682768;0.307843775119327;0.7350301390356465;-0.16513341548930238;1.1795504785182878;-1.2306909262786059;3.4235941704813215;-3.404056871159789;30.085907452121088;3.3754960955842246;15.567671934439375;2.619912590682768;0.7350301390356465;3.4235941704813215;30.085907452121088;4.611965617381332;0.7761563090267234;0.21775469981944354;0.3494450726994941;8.913032810637535;0.1682918680272868;0.047215161144909916;0.0757692276331211;0.2199169011846608;0.45022512686611754;1.3067589287736918;11.483553901422523;2.9024566839919617;25.506248354808868;8.787813611649925;Test;$< 0.4$;$d \leq 2$;0
division_8_size_0.2;1.0;0.1736518060380397;0.0045632943763159;0.3060717608734305;1.1782151004143555;0.8263400532097714;0.1715960667521782;0.010468811251573;0.0;1.0;-1.7507030993967303;5.758650156399425;-5.389710465351436;219.13992776581145;-1.1839356918652817;3.2672076546569375;0.16400066653524878;0.8487414561639206;-0.19074890348623652;1.2101555480890431;-1.7626120132155685;5.827639402971958;-4.559354799077388;95.5218291713631;5.758650156399425;219.13992776581145;3.2672076546569375;0.8487414561639206;5.827639402971958;95.5218291713631;38.05404423157872;0.5673565099324851;0.14738548672222052;0.21014569651261614;16.587538151664308;0.014909230316752266;0.003873057113858987;0.005522296007062217;0.026593234114778885;0.37039443953436485;1.7836758538030144;29.236534456330126;4.815611854339209;78.93351340015887;16.391170174779386;Train;$< 0.2$;$d \leq 2$;0
division_9_size_bulk;0.5473081592090251;1.0000000000000002;0.0053917201645826;0.5455860963950422;1.5526998793736078;0.5359935320013118;0.990559453867644;0.0112434721592534;-0.6027432728326181;1.8271242318864922;2.2204460492503128e-16;0.9999999999999998;-5.222890804978796;185.46956620056986;-0.6058946559245024;1.8328912826178962;0.4399952733168329;0.6440394652464463;-0.6236331851458755;1.8656941554241602;-0.00948539054834411;1.0095305194408022;-4.487967571254155;88.94049683549028;0.547308159209025;101.50900686653031;1.0031563539198698;0.3524880541819974;0.5525242902604763;48.677859602168304;185.46956620056991;1.8328912826178965;0.6440394652464464;1.8656941554241604;88.9404968354903;0.009882436887978576;0.0034724805715562594;0.010059300798744347;0.00544310605843052;1.0178967913249126;0.5507858152933666;48.52469847991074;0.5411018287781946;47.67153103680593;88.10084997208017;Test;$> 0$;$d > 5$;2
division_9_size_70;0.7052114358832511;1.0;0.0027650933025477;0.5961295129940349;1.707976529185799;0.705127567172217;0.9878830987602816;0.0058468096582578;-0.34925761207934214;1.4180144409421511;0.0;1.0;-5.8906809004369425;361.6514491856823;-0.5172973318425457;1.6774878247136982;0.535309353577463;0.5854881392759567;-0.3493765461951132;1.4181831012653696;-0.012190909327594365;1.0122655213505771;-5.141859124062664;171.03344532306434;0.7052114358832511;255.04073776949363;1.1829835975430185;0.41289293139141026;0.7138612218067482;120.61474156033772;361.6514491856823;1.6774878247136982;0.5854881392759567;1.4181831012653696;171.03344532306434;0.004638410349221157;0.0016189293326330627;0.0039214085950952;0.0027990086134864365;0.8454208014936949;0.6034413522633724;101.95808446613025;0.7137763244022483;120.60039720573477;168.961049957396;Train;$< 70$;$d > 5$;2
division_9_size_25;0.6261414479613429;1.0;0.0064765772215754;0.5576796791699903;1.632618025182918;0.6212702447427171;0.9855048168329776;0.0083551553037428;-0.4681789781962593;1.597083220182764;0.0;1.0;-5.039563114715181;154.4025440889832;-0.5839705330982521;1.793144052672543;0.49018487675753236;0.6125131442720414;-0.47598911499123353;1.6096054952931538;-0.014601264696611223;1.014708383885534;-4.784876528987513;119.68658434775439;0.6261414479613429;96.67783252479101;1.1227618135436566;0.38351986704985086;0.6353509767446024;74.94073122505033;154.4025440889832;1.793144052672543;0.6125131442720414;1.6096054952931538;119.68658434775439;0.011613435926542393;0.00396698867810783;0.01042473428653823;0.006571837205614637;0.8976442762053393;0.5658822459763839;66.74677596000765;0.6304081259990527;74.35771355014921;117.95170538499842;Train;$< 25$;$d > 5$;2
division_9_size_5;0.903970000890554;0.8508945538259557;0.0321289477980919;0.6218390784108254;1.7869935025146015;0.8810685336648156;0.8309554933180364;0.0277244035038374;-0.1009591039961719;1.1062314003947489;-0.16146706663370433;1.1752337531173607;-3.4379978546603884;31.12457981146176;-0.4750739360971237;1.6081330921749148;0.580534600196759;0.5595991247829559;-0.12661986530553673;1.134985488405184;-0.18517904354167097;1.2034338879053108;-3.585442260717011;36.069306229134476;1.0623760568521097;28.135686439885205;1.453704072765487;0.5058608213284019;1.0878681327214865;32.605570784072356;26.483735451694102;1.3683516899589285;0.4761598476035886;0.9657529707554634;30.69117623065114;0.05166762417087195;0.01797933106800951;0.036465889508562;0.03866506456296451;0.7057783301195402;0.748342219783395;22.429304144442828;1.06030773097928;31.77953074961071;29.971988151269763;Train;$< 5$;$2 < d \leq 5$;1
division_9_size_3;0.9157131561138158;0.8625616559528645;0.0125522877028269;0.5539470983457199;1.790827099769507;0.881324178386087;0.8069142301310477;0.0121557760387742;-0.0880521116965516;1.0920450288645935;-0.14784864746882329;1.1593374144313295;-4.377852342938774;79.66675268085116;-0.5906860871450332;1.8052265333392852;0.5826775800429612;0.5584011991602693;-0.12632975434296145;1.1346562644306848;-0.21453789872605142;1.2392890875621243;-4.4099508280217785;82.2654182513913;1.0616205227697437;72.95189353472101;1.6530696863445193;0.5113353244607897;1.1348333217089237;75.33152578600463;68.71748611678228;1.5571191879671828;0.4816554630337472;0.9787109863846228;70.95899539457508;0.022659722815251544;0.007009212505463243;0.014242531874948791;0.01555591317405362;0.6285395453011717;0.6865005940665535;45.57068973455523;1.0922154368785326;72.50250214999524;66.38113663473004;Train;$< 3$;$2 < d \leq 5$;1
division_9_size_2.5;0.9331053143004882;0.7224000298898154;0.0627127424547812;0.5594077908706308;1.718218086645085;0.8996677827996294;0.6828557980792692;0.0522334888148764;-0.06923720744116955;1.0716903919357272;-0.3251762355036487;1.384274582813245;-2.7691906230475873;15.945722685003712;-0.5808765711202863;1.7876047068340903;0.5412877576738566;0.5819982968242144;-0.10572971402579107;1.1115214072556339;-0.38147157189387015;1.4644380304198796;-2.952031441619893;19.144805807327085;1.2916739696741302;14.879038577738813;1.6680234518154557;0.5430657036805074;1.3664749086485295;17.86412004006775;11.51919054426139;1.2913656936481217;0.4204355870216342;0.8029630978246396;13.830208287447798;0.11210559359064096;0.03649870929785826;0.06970655574619852;0.09183892504270895;0.6217937349382888;0.8192180434641224;10.709753523324068;1.3175077158753095;17.223964992807428;13.073141648634964;Train;$< 2.5$;$2 < d \leq 5$;1
division_9_size_2;0.8513184728538575;0.8555126864901617;0.026748994085966;0.5248224710141016;1.733580153429985;0.8328948424640046;0.7911823707611769;0.0158873455436371;-0.1609689867459095;1.1746485385753704;-0.1560543564317749;1.168889738038385;-3.6212584106101326;37.38458338979765;-0.6446952240255986;1.9054062187309253;0.5501887229915008;0.5768409369601077;-0.18284788432318574;1.2006317592766427;-0.23422678056851617;1.263931094720835;-4.14223236439347;62.94317683550989;0.9950974267213835;31.82618643968022;1.6221075122962545;0.4910753455324673;1.0760078893502456;53.584689180176575;31.98298536912126;1.6300991930415545;0.4934947396562438;1.0271557018641697;53.84868631077237;0.05096769967619636;0.01542991481128901;0.03211569182831387;0.03380888537775615;0.6301185266815756;0.6633394403229472;33.03399360028986;1.0527216900228669;52.42504735459599;49.799531871958706;Test;$< 2$;$d \leq 2$;0
division_9_size_0.4;1.0;0.8308943059595392;0.0394345847760767;0.5157384439412858;1.870328890735616;0.9170063870723988;0.7882491190667834;0.0317967455264136;0.0;1.0;-0.18525268119358332;1.2035225092139403;-3.233112061512412;25.358451361370943;-0.6621555336002001;1.9389673423566713;0.6261142928006039;0.5346653227426176;-0.0866408415673785;1.0905049453282039;-0.23794109813858288;1.2686344656926616;-3.4483913363699785;31.449759509799474;1.2035225092139403;25.358451361370943;1.9389673423566713;0.5346653227426176;1.2686344656926616;31.449759509799474;21.07019284411504;1.6110769242056586;0.4442503722608602;0.9060943496939232;26.13142610048925;0.07646237204020828;0.02108430499652216;0.04300360971527594;0.05002807338721003;0.5624153236138447;0.6542835652666178;16.219850031911633;1.1633459079003508;28.83963034237703;24.79024522846163;Train;$< 0.4$;$d \leq 2$;0
division_9_size_0.2;1.0;0.4662535784779377;0.0333089562284306;0.3045840873410683;1.499562534706368;0.8366964454690251;0.4538724183035871;0.0250637544969422;0.0;1.0;-0.7630256330338591;2.144755656920536;-3.401928962349142;30.02195545072222;-1.1888080810509316;3.2831656070076187;0.4051734220428318;0.6668611524065663;-0.17829394396375037;1.19517658454905;-0.789939137385903;2.2032623258704342;-3.68633252042721;39.89825227988093;2.144755656920536;30.02195545072222;3.2831656070076187;0.6668611524065663;2.2032623258704342;39.89825227988093;13.997844161804462;1.5307877130029928;0.3109263986574829;0.557255359459034;18.602702900510018;0.10935881949450556;0.022212448935951104;0.0398100845399895;0.0733883683721685;0.36403176921628755;0.6710786446982057;12.15237275717123;1.8434617564916094;33.3827258630028;18.108716248356163;Train;$< 0.2$;$d \leq 2$;0
division_10_size_bulk;0.3731175354986714;1.0;5.543367841802371e-05;0.4829934918443402;1.3731729691770893;0.3776386663573415;0.9731936018877364;0.0137215281426219;-0.9858618003990752;2.68012061846276;0.0;1.0;-9.800323235232968;18039.57501176505;-0.7277520998627053;2.0704212725132978;0.3171240978584936;0.7282403764467318;-0.9738174496425893;2.6480339252489244;-0.027172242397980412;1.0275447742980084;-4.28878928222919;72.87818015646475;0.3731175354986714;6730.88176983319;0.7725104826441848;0.2717192545104293;0.38339497380061144;27.192126971608303;18039.57501176505;2.0704212725132978;0.7282403764467318;2.6480339252489244;72.87818015646475;0.00011477106701033759;4.036904283896866e-05;0.00014679026105226593;5.696058657855656e-05;1.2789831520782526;0.49629743856459957;35.19968671303182;0.3880406381883554;27.521618760837416;70.92457864549328;Test;$> 0$;$d > 5$;2
division_10_size_70;0.4507762248466581;1.0;0.0016601319932912;0.4892449572534648;1.4524363568399492;0.4392935333979822;0.9964201600237068;0.0119534666748309;-0.7967842381215596;2.218395613788578;0.0;1.0;-6.400858165743915;602.3617423440572;-0.7148919798546963;2.0439658808418266;0.373242392494776;0.6884983257894272;-0.8225874483500805;2.2763822455224725;-0.0035862629367832384;1.0035927012719292;-4.4267339443627876;83.6577393991979;0.4507762248466581;271.5303522059095;0.9213712234812528;0.3103586761126025;0.4523957291630202;37.71091994557595;602.3617423440572;2.0439658808418266;0.6884983257894272;2.2763822455224725;83.6577393991979;0.0033932531519811453;0.0011429980979704556;0.00377909499475192;0.0016660963516150677;1.1137085344031883;0.49100266823367433;40.92912713628207;0.44087178383417147;36.75030393676123;83.35825807937032;Train;$< 70$;$d > 5$;2
division_10_size_50;0.3592856127199241;1.0;0.0008489163378844;0.4737741535428641;1.3601345290578084;0.3648157638993876;0.9719323587908528;0.012704004782428;-1.0236376281917348;2.78330098561318;0.0;1.0;-7.071549918458563;1177.9723812267748;-0.747024540153488;2.1107103300634704;0.307583613280715;0.7352213907051676;-1.0083628092720949;2.7411096201308607;-0.028469066664519805;1.028878183708242;-4.365837998026861;78.71533560686201;0.3592856127199241;423.22852875620976;0.7583478542111272;0.2641544678443008;0.36966112864777834;28.281287583965874;1177.9723812267748;2.1107103300634704;0.7352213907051676;2.7411096201308607;78.71533560686201;0.0017918164837322545;0.0006241414505317065;0.002326972740461189;0.0008734314998427537;1.2986668900457004;0.48745589058509176;37.29329149798352;0.37535098054893673;28.716595290014027;76.505981809391;Train;$< 50$;$d > 5$;2
division_10_size_25;0.339358212940776;1.0;0.0003590405757853;0.4667137243643333;1.3397172535165611;0.3466737825242409;0.9660125858149304;0.0121652179847166;-1.0806990541485832;2.9467387611877767;0.0;1.0;-7.932075151391192;2785.2005245167124;-0.7620392192071271;2.142641083379336;0.2924585868597798;0.7464261562468848;-1.0593710492132609;2.8845561747377757;-0.03457841606056921;1.0351832001820118;-4.409174383900487;82.20156854207787;0.339358212940776;945.1806726817035;0.7271228490290998;0.25330584647619525;0.3512979208800811;27.895777401368253;2785.2005245167124;2.142641083379336;0.7464261562468848;2.8845561747377757;82.20156854207787;0.0007692950882777559;0.0002679972769200898;0.0010356727098628936;0.00037167277223661897;1.346261955450002;0.4831342067563359;38.36460020286318;0.3588708756126465;28.497128695907787;79.40774978537588;Train;$< 25$;$d > 5$;2
division_10_size_5;0.9573441486899636;0.9341615801775796;0.0811198707668065;0.7137192267981296;1.9726255996343496;0.9330158525953054;0.9398947671059787;0.0694449758949414;-0.04359234016785111;1.0445564443762538;-0.06810585766693088;1.0704786208504795;-2.5118273322518925;12.327435812548048;-0.3372656337601202;1.4011111967463403;0.6793654470639854;0.5069385696836552;-0.06933308728738566;1.07179315037185;-0.06198735987220048;1.0639488961930181;-2.667220553724082;14.399889799268305;1.0248164439689087;11.80159854349398;1.3413456058691013;0.48531467343190676;1.0185652502755316;13.785650241109806;11.51581691818757;1.3088642495570608;0.47356253530864545;1.0012279829748736;13.451823809267488;0.11365795920998872;0.04112279125944785;0.08694372184691289;0.08630739696166406;0.7649593785709282;0.7593607835436044;10.277478213512047;0.992681186499363;13.435325458342758;13.534381069235042;Test;$< 5$;$2 < d \leq 5$;1
division_10_size_4;0.8314982867588935;1.0000000000000002;0.0654421850288016;0.5668622056461988;1.8969404717876952;0.7831289117959817;0.944788140571132;0.0386464822349665;-0.18452604077353416;1.2026482987690945;2.2204460492503128e-16;0.9999999999999998;-2.726588197440647;15.280663375770422;-0.5676390283410712;1.764097147489384;0.6402423102747921;0.5271646711494274;-0.24445795823368874;1.2769289767461898;-0.05679456649451821;1.0584383493589282;-3.2532995240038036;25.875576305240575;0.8314982867588933;12.705845417492474;1.466843755813674;0.43833652090056435;0.8800896741318599;21.51549736670656;15.280663375770425;1.7640971474893845;0.5271646711494276;1.2769289767461902;25.875576305240582;0.11544637193478138;0.034498807950008176;0.08356502236486245;0.06926651830032633;0.7238427762118889;0.599988697258124;14.667886256755192;0.8288936727365925;20.26391191401694;24.446937623634685;Train;$< 4$;$2 < d \leq 5$;1
division_10_size_3;1.0000000000000002;0.9799810388272414;0.0901596545435;0.5745915340907165;2.0701406933707416;0.9134376311216946;0.9058669336691444;0.0649292373423005;2.2204460492503128e-16;0.9999999999999998;-0.020222055640164983;1.0204279066426791;-2.40617324085179;11.091435576846877;-0.5540958661154209;1.7403667486721446;0.7276165727795231;0.48305895497939955;-0.0905401801290548;1.094765494576797;-0.09886285605581727;1.1039148939343408;-2.734457258375473;15.401382195945091;1.0204279066426793;11.091435576846878;1.740366748672145;0.48305895497939966;1.103914893934341;15.401382195945095;10.869396558683825;1.7055264143041169;0.4733886165155136;1.0728494266475883;15.09306252375765;0.15691086483927486;0.04355242850508678;0.09870367879718796;0.0995285854825446;0.6290429849984639;0.6343001524113234;8.849503823085538;1.008357405675341;14.068202069063927;13.951602864107333;Test;$< 3$;$2 < d \leq 5$;1
division_10_size_2.5;1.0;0.9250597632402832;0.0466499199773262;0.6679306211965802;1.9717096832176093;0.962867564464694;0.8004585088460332;0.0413888611148912;0.0;1.0;-0.07789693464836325;1.0810112381250023;-3.065084067074474;21.43626399543754;-0.40357097132352626;1.4971614839405418;0.6789010258789078;0.5071740573734527;-0.037839400561652185;1.0385644266207572;-0.22257057943640993;1.2492839902990502;-3.184743489548576;24.16109003879337;1.0810112381250023;21.43626399543754;1.4971614839405418;0.5071740573734527;1.2492839902990502;24.16109003879337;19.829825296375656;1.3849638478665087;0.4691663134354999;0.9607341625995782;22.35045223091336;0.06984246341896122;0.023659629191047412;0.04844894739315599;0.05827899817640545;0.6936889826254725;0.8344350316913871;16.13793187839776;1.202895033063981;23.263929920465152;19.339950104547288;Train;$< 2.5$;$2 < d \leq 5$;1
division_10_size_2;1.0;0.7663920582161913;0.0197763785057961;0.4791346668330464;1.7861684367219872;0.8919244952404305;0.6765072130361763;0.0229219484027493;0.0;1.0;-0.2660614148319544;1.3048151912319403;-3.9232670582360885;50.56537523828835;-0.7357735794702441;2.0870959027234157;0.5800727874822452;0.5598576144561263;-0.11437379657629822;1.1211711364989885;-0.3908121691425835;1.478180839361612;-3.7756603819026897;43.626308829840056;1.3048151912319403;50.56537523828835;2.0870959027234157;0.5598576144561263;1.478180839361612;43.626308829840056;38.75290200334584;1.5995337245827783;0.42907042945103746;0.859256654914046;33.434856616476324;0.04127519855015447;0.011071956092836415;0.02217270476517758;0.02923306377923062;0.5371919589492707;0.7082476839865188;20.902876946341006;1.3184256990216816;38.91137348225823;29.51351260153063;Train;$< 2$;$d \leq 2$;0
division_10_size_0.4;1.0;0.441991346846258;0.0955666217272876;0.5484394467044577;1.5375579685735457;0.9321755540697376;0.4641167076126516;0.0709300481754866;0.0;1.0;-0.8164649743669856;2.2624877322492907;-2.3479316650021813;10.463904467122806;-0.600678403347562;1.8233553512770548;0.43019542312505593;0.6503819826238748;-0.07023411929880857;1.0727593055129487;-0.7676192333557318;2.1546304703053107;-2.6460611245707604;14.098397304424777;2.2624877322492907;10.463904467122806;1.8233553512770548;0.6503819826238748;2.1546304703053107;14.098397304424777;4.624955228694184;0.8059072874902774;0.287463208464466;0.4741503302855246;6.231369612956361;0.1742519111299199;0.06215480891165918;0.10251998275438373;0.20591075511775542;0.5883435199625799;1.18168434298681;7.7321172170583425;2.0084938524723923;13.142181318747463;6.54330173954471;Train;$< 0.4$;$d \leq 2$;0
division_10_size_0.2;0.8707087923356196;0.1111985228555642;0.1056179895895016;0.489425823373848;1.0875253047806854;0.8302417494311131;0.1293090337394494;0.0875566881921739;-0.13844769519048966;1.1484896084689407;-2.196438180926868;8.9929252144734;-2.2479265662577155;9.468084025142245;-0.7145223639919924;2.043210538231347;0.08390475247383729;0.9195188338184589;-0.1860383562258918;1.2044684583559022;-2.0455501291371467;7.733411743025974;-2.4354688303391177;11.421172050330968;7.830219053058678;8.243944007263776;1.7790413802308271;0.8006331333239277;6.733549599404245;9.944514923001009;1.0528369578681822;0.22720199373424804;0.10224913605848364;0.13393511339529496;1.270017461276059;0.21579978935607833;0.09711773061758865;0.12721353709551672;0.8167874009662468;0.5894979669586667;3.7849314098194724;5.589816534627614;6.420601294600998;9.482333863620516;1.4768607220003038;Test;$< 0.2$;$d \leq 2$;0
