;$\overline{I}_{3800\text{–}2500}$;$I_{3733}$;$\overline{I}_{3733 \pm 32}$;$I_{3383}$;$\overline{I}_{3383 \pm 32}$;$I_{3297}$;$\overline{I}_{3297 \pm 32}$;$I_{2930}$;$\overline{I}_{2930 \pm 32}$;$\overline{I}_{1800\text{–}900}$;$\overline{I}_{1800\text{–}1500}$;$I_{1724}$;$\overline{I}_{1724 \pm 32}$;$I_{1641}$;$\overline{I}_{1641 \pm 32}$;$I_{1596}$;$\overline{I}_{1596 \pm 32}$;$I_{1544}$;$\overline{I}_{1544 \pm 32}$;$\overline{I}_{1500\text{–}1300}$;$I_{1430}$;$\overline{I}_{1430 \pm 32}$;$I_{1391}$;$\overline{I}_{1391 \pm 32}$;$\overline{I}_{1300\text{–}900}$;$I_{1243}$;$\overline{I}_{1243 \pm 32}$;$I_{1182}$;$\overline{I}_{1182 \pm 32}$;$I_{1117}$;$\overline{I}_{1117 \pm 32}$;$I_{1067}$;$\overline{I}_{1067 \pm 32}$;$I_{876}$;$\overline{I}_{876 \pm 32}$;$\Sigma I_{p,\ 3800\text{–}2500}$;$\Sigma I_{p,\ 1800\text{–}900}$;$\Sigma I_{p,\ 1800\text{–}1500}$;$\Sigma I_{p,\ 1500\text{–}1300}$;$\Sigma I_{p,\ 1300\text{–}900}$
division_1_size_bulk;0.3967562396396647;0.0504030228445967;0.04055826579893186;1.0;0.9705710487494006;0.9452110555567504;0.9388134068758824;0.2656242796564126;0.26641971036115414;0.5500247026019257;0.5504514480166156;0.4231494352842591;0.41700896521578923;1.0;0.8776867583061636;0.873005264186245;0.8454025972722091;0.4313565289815344;0.4604252122048577;0.6333865756989943;0.6775174254830763;0.661218929606902;0.8156256200711489;0.7854682526793793;0.5081244000596087;0.5373697098573926;0.5280822136311217;0.4684165210924887;0.4843287386266274;0.6705595186692758;0.6614995979787918;0.7335074744633848;0.7212748782725563;0.0789945009488259;0.07905852731872877;2.26123835805776;6.6305074980888055;2.7275112284520384;1.4931430455542252;2.409853224082542
division_1_size_5;0.43088198963118346;0.0064162177588883;0.0056907532535889925;1.0;0.9955909625314502;0.9083190562479052;0.905618270219657;0.3177837018137409;0.3113818244714206;0.49456141311645585;0.5322185838223275;0.4155414041834346;0.40913328352813827;1.0;0.8836980752130907;0.8569099465722329;0.8270119275964726;0.3867894401905052;0.4169804017490048;0.5684355540634937;0.6212239936753448;0.6054141701908518;0.739352745564564;0.7122543767966557;0.4294931546452195;0.4976789543858307;0.49327687552730143;0.476608824503816;0.4895656701035518;0.63397691257371;0.6145345868431021;0.547669279396232;0.5402601901102805;0.0770237397150534;0.07915221776325666;2.232518975820535;6.17575150104567;2.6592407909461726;1.3605767392399089;2.155933970859589
division_1_size_3;0.40782786838637597;0.0410281667534072;0.029981991666026588;1.0;0.9819501501865671;0.9012075518156144;0.8986190081045504;0.4302456692067447;0.4058042628014884;0.5553378705147454;0.5628076023658458;0.377703911335904;0.38113049090980466;1.0;0.8939897968301629;0.903661125802992;0.8824353667938162;0.5186373724439903;0.5391615857306039;0.5777824553227294;0.6485739276708649;0.6310761094548347;0.7443959263954234;0.7164046536424088;0.5385448207293368;0.4698716301695863;0.46987681853956437;0.5746904610650335;0.5915242627981995;0.8756490234735163;0.8468351595348751;0.7492194605695731;0.7445502277120166;0.1384021965473821;0.14082856412373246;2.3724813877757667;6.862402838926883;2.8000024095828864;1.3929698540662883;2.669430575277709
division_1_size_2.5;0.3490280331654525;0.1864402675302961;0.16096475529146775;0.6202254350784397;0.6397237901231883;0.7646227776315313;0.7403282362404945;1.0;0.8880818625883992;0.577245915373893;0.6381389894725774;0.3310274327921308;0.35761834020841793;1.0;0.9570849238912458;0.8617422270401583;0.9017097713495823;0.8421418837205966;0.8078184798193737;0.6653590779777919;0.7898044335363111;0.7556479525081089;0.8373896506725956;0.806632321276414;0.48766237150956127;0.3850082733706382;0.378127570373752;0.3963200827460968;0.41369065987225634;0.6731176384538516;0.6675298733755952;0.7922607973934036;0.7607052115701354;0.1329705818882895;0.12449112854527378;2.5712884802402676;6.908812419725783;3.0349115435528855;1.6271940842089068;2.2467067919639905
division_1_size_2;0.36463101493995254;0.2173302396918599;0.18141504377995613;0.6349420365631356;0.652538009082266;0.8025887525086537;0.7811928683663637;1.0;0.8923465677545288;0.5267464824873965;0.5915744705197366;0.2834846020594427;0.32220100118299877;1.0;0.9303213564186148;0.747705745906595;0.8035041884359314;0.8008703952541782;0.7359562895759513;0.5996894325962302;0.6928583692826533;0.6660413334444788;0.7782862395293819;0.744443862071475;0.4417809524859836;0.3306915837037154;0.32811531929434984;0.3499015332286393;0.36851559006239215;0.632982235681949;0.6257151656862051;0.7441749098231054;0.7239714921284985;0.0895425643042441;0.08922408987476671;2.654861028763649;6.360955614469661;2.8320607432202163;1.4711446088120352;2.057750262437409
division_1_size_0.4;0.4095271722720418;0.1847523271839072;0.16404452676588163;0.7244011163312057;0.7376604234285169;0.9829323415930664;0.9532276402072032;1.0000000000000002;0.9149344333267976;0.5233851157045794;0.5918042297779713;0.3743614596466031;0.3959512093575474;1.0;0.9142538317739786;0.648943040713881;0.7131982054498266;0.7386013890710155;0.6951275989034258;0.5562094495250629;0.618099330166881;0.59959665734725;0.6859736603519868;0.6602630627772482;0.45573937696321887;0.4018140092276091;0.41210993633963683;0.4351564270600918;0.4415444528898423;0.5798691381443681;0.5833758444686085;0.6998420442648935;0.6773866100969699;0.1311411274999145;0.13879023564305953;2.8920857851081796;6.182660498647331;2.7619058894314996;1.304072990518868;2.116681618696963
division_1_size_0.2;0.23489562851990056;0.1015614744105291;0.09578693936915703;0.3191725725391611;0.3217633777645303;0.3874903229104692;0.37586961119196644;1.0;0.8851714106769086;0.564462836522246;0.5767563820842363;0.364197679010415;0.3791901313823027;0.8791824808263875;0.8618062583718727;0.9429817384142912;0.9004013234065985;0.6200453029078948;0.6271589459860579;0.7423765407190526;0.8653205432950306;0.8334619717003409;1.0;0.9605620518730023;0.46650758486316773;0.3903222296990573;0.38639925320853824;0.4405720246340037;0.4587239104594625;0.7288149372973626;0.7044712960994612;0.6205261912297382;0.630752457950782;0.1457696104482301;0.15460351263468491;1.8082243698601592;6.851963127314181;2.8064072011589882;1.8653205432950306;2.180235382860162
division_2_size_bulk;0.4558311814350048;0.0111831806429595;0.011691093120281049;1.0;0.9908641628223739;0.9734820664977486;0.9720597872373239;0.389645045717911;0.38553200443890634;0.6543865003481096;0.5654156478937251;0.5272214511519868;0.5033780141326601;0.774404180422336;0.7649230944218832;0.9245484819046084;0.8491277617940731;0.4863300974284644;0.5145379110248363;0.7890623030899943;0.8478609718877879;0.8273997376432228;0.9691475565112574;0.9452229339707711;0.6538854014221916;0.759401541424162;0.7496267356274067;0.6729585522980176;0.6890284366003744;0.841818212305175;0.8478897912001977;1.0000000000000002;0.9488062155124155;0.0755094595122076;0.08221637101693434;2.374310292858619;7.803691045333795;2.7125042109073956;1.8170085283990454;3.2741783060273546
division_2_size_5;0.42773978793622214;0.0041942672524595;0.007175282965917271;1.0;0.9930555961674234;0.9102870493877282;0.9105958817410152;0.3623768854381395;0.3540526842008636;0.6448922339520817;0.5849209398815304;0.4867924800305145;0.46921134849233254;0.86153331175144;0.8445617880005599;1.0;0.9153783062402483;0.5317331048978028;0.5585876009907995;0.7528432412814575;0.7887814651112822;0.7745853028186421;0.9314460208656884;0.9036815928960642;0.6359891350093358;0.7526898235004503;0.742246367050834;0.6740721989226488;0.6879325763331583;0.8168201649681925;0.819294846985635;0.9328161574531012;0.8808106689995726;0.1119882656167707;0.11664975109934793;2.2768582020783272;7.77668472750112;2.880058896679757;1.7202274859769706;3.176398344844393
division_2_size_3;0.36335118265542743;0.1683682430006697;0.16665602903521767;0.6618943286093731;0.6517486623401956;0.6162508177231083;0.6137676063907664;1.0;0.8905386874096498;0.5503373008115803;0.5018669561694119;0.4261350141928743;0.4151689830356825;0.80152994540881;0.7414599369391772;0.7147542778769447;0.7136074321969716;0.4841475772974335;0.48814314101859646;0.5328423708399311;0.6239049215072257;0.6002081950654876;0.6697661406300558;0.6426711366777029;0.5953872470473518;0.4779151377926457;0.48426523607783795;0.6707886514448471;0.669186218313596;0.8837148415309584;0.8878950271114131;1.0;0.9177457363248522;0.1750582581614214;0.1868303903922042;2.4465133893331514;6.752656507681794;2.4265668147760624;1.2936710621372813;3.032418630768451
division_2_size_2.5;0.2954282347364876;0.2323483907127471;0.2315266888920489;0.4228749583337411;0.4205193494550821;0.4521119586938288;0.44424261242829777;1.0;0.889068055807425;0.5717242851396571;0.5605751987400088;0.4076026604156403;0.41303533839204004;0.9616565363342292;0.8895754810578452;0.8333357144494916;0.8332930979822935;0.5283920995002015;0.536248521231409;0.5166439226434485;0.6250530657810845;0.5996761639988599;0.689101029563416;0.6526129207292041;0.6075532029878653;0.408581482078115;0.42007478448533336;0.6890514351755932;0.6903813380954043;0.9721995610730731;0.9603342958141207;1.0;0.920627919864911;0.1958099159939237;0.21027572227190802;2.1073353077403167;7.114973584370844;2.7309870106995624;1.3141540953445006;3.0698324783267816
division_2_size_2;0.3363950108086943;0.2219616308496658;0.21583162721486485;0.5233969996920514;0.5176086640840084;0.6039909718310752;0.5889337071572273;1.0;0.9024326834354033;0.5839019514603143;0.6127274551493471;0.4631048096264358;0.4676169593457929;1.0;0.9400193045631869;0.7296898411718563;0.7781844121135227;0.670976686564834;0.6449001148975653;0.49381441511455126;0.5656658580658117;0.546484994886598;0.6048411093634853;0.578123098673843;0.6072354174272611;0.4681274268647368;0.48083859401522944;0.6814976057716807;0.6782191985490498;0.8750938467213117;0.8807602212975059;0.9989977955964554;0.9384769936245323;0.1832425438731228;0.1994341910299005;2.3493496023727922;7.057994979746607;2.8637713373631257;1.1705069674292972;3.023716674954185
division_2_size_0.4;0.183278598165773;0.1397167457023561;0.13863240140921046;0.1781910513162747;0.17829532674516363;0.204325514481809;0.19824386118363052;1.0;0.874988323515714;0.5239599212127245;0.4920340208785139;0.4256801771629754;0.4106327963568995;0.6987963154310612;0.666842260871725;0.6219598419897823;0.6569818859116581;0.6108333080629107;0.5727435273020286;0.44461889166793966;0.5549202612573045;0.5306043200470759;0.5324994600498898;0.51264970111959;0.5874600371638315;0.4521357289333936;0.4548060697210639;0.7041577382064161;0.6980576951733559;0.9307111972321358;0.9269792215180299;1.0;0.904462144641663;0.1497056148304805;0.16536383747823327;1.5222333115004398;6.5316940283258695;2.3572696426467297;1.0874197213071943;3.0870046643719453
division_2_size_0.2;0.27716466235282183;0.1876000960951736;0.17348755974046412;0.397348602496265;0.3841477008694654;0.3786023017831884;0.3780990524137253;0.9999999999999998;0.8889416816872351;0.5278778802099515;0.4902864291919837;0.2563647494673984;0.2771696055843987;0.9423167386682884;0.8451739517169311;0.8464603212091044;0.8228030199495263;0.4615737555833936;0.4774799135038939;0.4843741090832616;0.588343400507792;0.5651186639992537;0.6898887954372691;0.6511660115374511;0.5777482944022703;0.3392442579172671;0.34912575163555937;0.5978117571644719;0.5963974330637817;0.901538634026798;0.8947360403343089;1.0;0.936429534779443;0.1479977229315209;0.16795664584290293;1.9635510003746266;6.623542409981782;2.506715564928185;1.278232195945061;2.838594649108537
division_3_size_bulk;0.5610739596112478;0.0214350515019445;0.021728264320407295;1.0;0.9972685841810168;0.9688987630151482;0.9686322086307333;0.4672640233921861;0.4713858130247611;0.5278067598252537;0.3117778019072561;0.4102726981786715;0.3742811433362274;0.2520327080439335;0.27356995820989527;0.4574339754340341;0.4144158341791158;0.3101883363409846;0.30957055944983836;0.5028559265608105;0.4564371368107821;0.44912974266189476;0.6114103612687107;0.5960288580058019;0.7021436957246198;0.8434574196261487;0.8290263312514727;0.7626432739004506;0.7650319733586333;0.7523396324652278;0.7756231500762728;1.0;0.9474181884172835;0.0918620194644528;0.09751547905584837;2.4575978379092787;5.856215542068943;1.4299277179976237;1.0678474980794928;3.358440325991827
division_3_size_5;0.44099201023427104;0.1295826715949419;0.11827572807809976;0.305549803709088;0.31565100108435207;0.4022283216491726;0.4077498090811476;1.0;0.96401171030344;0.3538926833467189;0.18236180805320604;0.2979066831798962;0.28190908200729364;0.2082455712056626;0.2053147407814041;0.1070985437877082;0.11650508873639112;0.0840402508433199;0.08062544123492144;0.14975410987906984;0.0716622411950895;0.07303153497054618;0.1008491821180103;0.11033602870803332;0.5842608446095758;0.7234231978818102;0.7269940187349111;1.0;0.9612566665564138;0.601359689638008;0.6453791756994455;0.674300526061282;0.6029048353973203;0.3868113858756189;0.3322213825805646;1.8373607969532026;3.868885885910786;0.6972910490165869;0.17251142331309982;2.9990834135810998
division_3_size_3;0.38996446145375213;0.1179580331388454;0.11718246520934165;0.1931384521954025;0.19069871531121624;0.293833632295563;0.30230756019345284;1.0;0.9577900793115893;0.33380320536567143;0.14180264528670722;0.2468404913806815;0.23665068598685512;0.1867315283360211;0.17896002141114808;0.0716918678967462;0.08123027963128679;0.0301275767593934;0.02695218583593508;0.08862326244749502;0.060772176098065;0.052944609093076835;0.0422112215474456;0.05393905324148417;0.599982536374395;0.6180071464894055;0.622984065028768;1.0;0.9455160410981898;0.7246871521394893;0.7593215147444895;0.7720641032174389;0.7162918780105247;0.4567151619118562;0.4051957838928096;1.604930117629811;3.7531332638646866;0.5353914643728422;0.1029833976455106;3.1147584018463337
division_3_size_2.5;0.2566504244512171;0.247433520196766;0.19765826455516658;0.0492906883420219;0.06005735762422446;0.1665886149348762;0.16311759924180974;1.0;0.9175712394829594;0.3117611746432234;0.1278487080954931;0.2957208909665657;0.2713153195809585;0.1404859650395578;0.13328822145440664;0.0067160403326067;0.026953320271595766;0.0404974144482201;0.025645036659353037;0.0941023935825263;0.0355408419604249;0.03179380119306135;0.0437486603360227;0.05494264572047867;0.5581518849466169;0.710127167624501;0.7129762869439403;1.0;0.9573356163733213;0.5682680927475736;0.625414402004108;0.6681858532091599;0.6085033348655263;0.3607358411795655;0.31926815441442324;1.463312823473664;3.509290926664632;0.48342031078695025;0.0792895022964476;2.9465811135812343
division_3_size_2;0.37916091582709305;0.2350902134929418;0.19842264055348294;0.2673795063566089;0.2570617767353755;0.2796239948165386;0.2780490467620461;1.0;0.9479901159332228;0.3167560577489327;0.14582449980933093;0.2510018410631126;0.2323274837490662;0.1731593697919027;0.16815127524177334;0.0648687797441613;0.07704638940098296;0.0621345439955769;0.05695874329008436;0.13065527339580899;0.057845336370576;0.05781742007008846;0.0749991109763442;0.08565868793962136;0.5376779297496874;0.728826509681344;0.7315882645252887;1.0;0.9581026305044978;0.5252625841160203;0.5786870549992903;0.5856718091329942;0.5325937480781663;0.3583449435651847;0.3114207519169711;1.7820937146660893;3.5237698848720322;0.5511645345947536;0.1328444473469202;2.8397609029303585
division_3_size_0.4;0.4351567779334784;0.0968729825946881;0.09520552675004748;0.3352125503490797;0.35670063374798555;0.5673692170729516;0.5560851048359827;1.0;0.9549659950985062;0.3667463886644191;0.22690508294866363;0.262137320696341;0.2582534025439621;0.3647544551189816;0.31634050889315796;0.147536199344877;0.17874201315237298;0.1973032625069146;0.1770882142366623;0.18503764101252726;0.1197109051369558;0.11746476858376444;0.1314085083426193;0.1414449501251692;0.5621785738247613;0.7544069730849534;0.7545883398534411;1.0;0.962146123250143;0.5371632016707931;0.5889183046376015;0.623530659226477;0.5549327493982349;0.3825173939636781;0.33323025793174926;1.9994547500167195;4.137951485128912;0.9717312376671142;0.2511194134795751;2.9151008339822235
division_3_size_0.2;0.420136318417622;0.1687069215903728;0.13536760109854143;0.3112785944913471;0.305434666494716;0.3787120857620901;0.3879300315838007;1.0;0.9566833094225758;0.32687761799812376;0.14946443594441539;0.2445585967499967;0.23401921851161678;0.1723526940243422;0.16726712355551218;0.0756707201561975;0.08676341866064731;0.0682373579579827;0.0637305653767086;0.1395355786726503;0.0832749730739124;0.08077888784487498;0.0882456960060885;0.09903639627745736;0.5532759354898729;0.697542061073052;0.7019961727443337;1.0;0.9595639808182667;0.5909535867565547;0.6380070901446216;0.6231979369972307;0.578282470866834;0.3709076536616261;0.3244491559042089;1.8586976018438097;3.644033622795357;0.5608193688885191;0.1715206690800009;2.9116935848268373
division_4_size_bulk;0.4471137911057036;0.0092937092867926;0.010309221646086516;1.0;0.9876846860792278;0.8802235066219143;0.8788956033339508;0.2919212101240654;0.29351407282622627;0.6328089445614467;0.5584684969028232;0.4460072262404094;0.4254276346220991;0.7776787555855897;0.7696756543065953;0.9580997294664636;0.8973242959010495;0.5788816370519689;0.5953965938274642;0.800317328851722;0.8111007963510773;0.8000057460658929;1.0;0.964277242902003;0.6049671220885426;0.866042976848379;0.8503881206098173;0.7363476198697638;0.7438893950710318;0.7194483022015096;0.7236988639714681;0.7695498648218586;0.7197730482817417;0.0534890357673214;0.05965385639805652;2.181438426032772;7.663156908437021;2.7606673483444313;1.8111007963510772;3.091388763741511
division_4_size_5;0.43431761214332454;0.0187419522818378;0.018639090997434875;1.0;0.9866191969802539;0.8632257761021935;0.8674683334213186;0.3030647542392584;0.3016998753393381;0.6459956215368912;0.5775009517536612;0.5024816895060455;0.47936757978319156;0.7961040492657039;0.789258767483843;0.9546407384784844;0.891889055491604;0.5613557583347564;0.5772166430706733;0.8044643589908212;0.8265621001121047;0.8117384721025476;1.0;0.9681648966452856;0.6182819194877859;0.8980446467496891;0.8825463764393325;0.7633398925696098;0.7712265365773735;0.739445132681635;0.741963359278888;0.773811576061434;0.7074476928871728;0.0667082948886249;0.07141717724407343;2.1850324826232894;7.815785583759463;2.8145822355849903;1.8265621001121048;3.174641248062368
division_4_size_3;0.42991668532040617;0.0980024004886184;0.08491795048926075;0.8869748758166096;0.8883012589455777;1.0;0.9790896844441914;0.7480423278419166;0.6901854540240207;0.5264560900806625;0.5982683980889029;0.2767398725437865;0.2965396861425124;1.0;0.9415962340533153;0.8398028731245523;0.8723305474539444;0.7880160918243616;0.7625741661890255;0.5978656365330708;0.6524426317501157;0.6375466475973363;0.7013304615527555;0.6802058963780682;0.43702138187292394;0.5694934381705427;0.5567719555545039;0.4888003590377592;0.4983908035941426;0.5576163339735901;0.539302692482885;0.5218658122512866;0.5176983823329682;0.1284145660354374;0.13419434755892584;2.7330196041471444;6.39610787422875;2.9045588374927007;1.353773093302871;2.1377759434331787
division_4_size_2.5;0.4380821718605832;0.0525269170543984;0.04990754488608024;0.9416683228371874;0.9336248248881864;1.0;0.9816536965331866;0.8417552207436032;0.7684647105310436;0.5511203538728783;0.6051252865929022;0.3479373953001565;0.3666774618013947;1.0000000000000002;0.9360211431570529;0.7680003254707481;0.8070206680210742;0.7670832680616846;0.73725743626996;0.6126787882862114;0.660162572715602;0.6489284428822657;0.7176604524282864;0.6991933878168014;0.4799441370066436;0.6083403425867127;0.5945788702685223;0.534760466200686;0.5428282517518002;0.6194588345915122;0.6119922952732593;0.6542267651240943;0.6056900356761928;0.101448501135532;0.10043318113253785;2.835950460635189;6.677630422479481;2.8830209888325897;1.3778230251438883;2.416786408503005
division_4_size_2;0.36366559412934796;0.1233154852043642;0.11256794629067149;0.7518377061522574;0.7327538055458833;0.6734610957843037;0.670610430401013;0.9999999999999998;0.8904305643577509;0.6298579242292358;0.605256981335537;0.4764082997343559;0.4657700511722445;0.8720910161223856;0.833811195268826;0.8101674861173593;0.8210264525633967;0.7194647380820884;0.7013934253472723;0.7979441793065922;0.9001595676240075;0.8801432524305395;1.0;0.9662796088449891;0.5644531975760485;0.6268798083785654;0.6238050430339114;0.6605601412457038;0.6568716014778085;0.7664613983188417;0.740605600994695;0.7110818471480798;0.6979214780181305;0.1695055144481399;0.17353742273505574;2.548614287140925;7.543274302771388;2.878131540056189;1.9001595676240075;2.764983195091191
division_4_size_0.4;0.26970068611957876;0.1838613845988347;0.18174520945127867;0.2859430449962871;0.29596902011464216;0.3901701055853093;0.386934940224363;1.0;0.8932417456806434;0.5808552032204058;0.6305736367579653;0.3848936034919638;0.4098777455929355;0.9999999999999998;0.9251028103469608;0.7759179984214433;0.8178971954850299;0.837160098009778;0.7788108154171225;0.7199828418126557;0.8341358566261821;0.8165278665801108;0.9298960523414568;0.8876329622514484;0.47420013329564425;0.4310650243884398;0.44028217365327776;0.5149831378217642;0.5250937095663636;0.7695950054315959;0.7363070310484717;0.6057777943703431;0.6159748517225144;0.2242498847225665;0.21937297521415777;1.859974535180431;7.083424570902967;2.997971699923185;1.7640319089676388;2.321420962012143
division_4_size_0.2;0.12439060736446955;0.0703979592663722;0.05499603134225056;0.0302259369274706;0.022357490655634953;0.0998580891575414;0.08585258404768271;1.0;0.8739686884015766;0.5223767352516784;0.5060586935726155;0.4921012250069183;0.5303687435435362;1.0000000000000002;0.6806843555707954;0.1648286117686553;0.2808774840202574;0.6647146514551912;0.556131456827065;0.640993913352576;0.6120408235170909;0.6051354590058501;0.8703495398227643;0.781639135944906;0.4754397595777093;0.3930440476135252;0.40148158768509656;0.488421729281747;0.48438812503202877;0.7205820162744336;0.7125608991564009;0.7797433218933845;0.7443221908784863;0.0722600514229616;0.07580047881544916;1.2004819853513842;6.185825966633709;2.3216444882307647;1.4823903633398552;2.3817911150630904
division_5_size_bulk;0.5075652253982386;0.0232504988246598;0.023756844907515156;1.0;0.9954452673973232;0.940152564527888;0.9394375360091533;0.4230470211466657;0.4229421077954665;0.6071843799816269;0.43110111655577327;0.5150518785355531;0.4704201640330753;0.3831324556483715;0.4091631329158565;0.6648927885040133;0.6079752000011625;0.4495914889980221;0.45028983190333244;0.6332019023454044;0.5961417473848715;0.5854811969076931;0.7550317895548257;0.7391184164965571;0.7261633385265378;1.0;0.9768164171260014;0.8481079005981618;0.8542149859224057;0.7965929758855528;0.8110733335791178;0.9119076471345746;0.8771862761564411;0.0804862045860783;0.0877869135559187;2.3864500844992134;6.9204506722439465;2.0126686116859602;1.3511735369396973;3.556608523618289
division_5_size_75;0.49707022220250974;0.0215805124888503;0.02122290114097027;1.0;0.9931993883430907;0.9349791085970098;0.9323272369911143;0.4197324801797329;0.41735962739418614;0.5562490335528997;0.38557214637540094;0.4675540339452896;0.42732087321110906;0.3153419311912915;0.3462527756216017;0.6140534343238373;0.5506009542490072;0.4129223564752228;0.41321616347669327;0.5553005504537359;0.5099715615899195;0.49958989585679614;0.638170384904331;0.627865786385119;0.6846269803329711;1.0;0.9784144658232697;0.8609687569902542;0.8613286239071513;0.7398877951080542;0.7571484455545892;0.8108335447402162;0.7795385403899528;0.0971796253752189;0.10003799827414073;2.376292101265593;6.369703799268417;1.8098717559356414;1.1481419464942504;3.411690096838525
division_5_size_25;0.4961787690934386;0.0213196218553246;0.018729744313569035;1.0000000000000002;0.9929005033758402;0.9527079873889484;0.9503658941261975;0.496162518956481;0.484031358250059;0.5759417238875645;0.41762539855704917;0.5013241465133184;0.4624662102328905;0.3777550817330609;0.4023952934247583;0.6234409544393814;0.572699311141198;0.4343437236393583;0.43382359173509866;0.599142809220882;0.5827513941266182;0.5676424512116517;0.6944334348973777;0.6838244241374047;0.6830110070533326;1.0;0.9771782195364095;0.877640523418607;0.8785820636394837;0.7688412900108018;0.7822968279752265;0.8206448776861985;0.7839099955875454;0.0837156797885248;0.08623414203469403;2.4701901282007546;6.681175426464722;1.9368639063251187;1.277184829023996;3.4671266911156073
division_5_size_5;0.36999269570770305;0.0438304788960353;0.044748042501919036;0.4784693042264808;0.4887241922377051;0.6505246326748196;0.639948546612107;1.0;0.9088591214619948;0.49914473763153605;0.38072845624493634;0.410975158582177;0.40282264106293464;0.6044185212708029;0.5336865134969903;0.2789556722869321;0.3304843218455598;0.4037347933649545;0.3623225931647357;0.36777104460089965;0.405795047135234;0.3843179957623571;0.3534595917984919;0.3617622950957042;0.6534141785196684;0.7744850297167616;0.7650947165566154;1.0;0.960943682228985;0.7255404438504938;0.7669626526023022;0.8776392686254737;0.8306373006001895;0.2176611168351743;0.18607362507890768;2.1728244157973355;5.83500352663132;1.6980841455048665;0.7592546389337259;3.377664742192729
division_5_size_3;0.20141553405282603;0.040513002326891;0.045188978526917126;0.1524365717509981;0.15656325757776934;0.2208221756538389;0.2236068006977579;1.0;0.8811519563360188;0.40149616656585146;0.26037950778493907;0.4497498070189695;0.4158461128766006;0.2995516418623469;0.2817112563592712;0.1173066830311475;0.14798958751225813;0.1886516808934908;0.1728463003114327;0.2877483270484812;0.3800756607189844;0.3543935731502118;0.3079518261703674;0.30986954170903613;0.5639855247850297;0.5354436601844557;0.5462618110911319;1.0;0.9547659718910061;0.8826329379170431;0.8864791694715866;0.7161064400946003;0.709528612206261;0.1329847626991218;0.12345566534549092;1.413771749731728;4.877470337891405;1.0552598128059545;0.6880274868893519;3.134183038196099
division_6_size_bulk;0.45183505762864784;0.0089462551144281;0.010376921650078072;1.0;0.9919461357538472;0.9095816280688108;0.9073775394149852;0.3195728219091285;0.31934486411746604;0.521497540089312;0.5024787362167596;0.4751608277141561;0.46483866251293127;1.0;0.8934094027122655;0.6746012459984461;0.6668460670995877;0.2290347308065248;0.2553125260504709;0.6656921130079958;0.6912385498276812;0.6782539172155433;0.8968144025154627;0.8568154075798718;0.46382662782472617;0.6142858299379381;0.6074571366566691;0.5277837245054082;0.5421993871224027;0.6541660735614434;0.6293536890812871;0.5775695335442919;0.5682584228578986;0.0300949413056287;0.03216814247692691;2.2381007050923674;6.340654918411353;2.378796804519127;1.588052952343144;2.3738051615490816
division_6_size_75;0.45497364661869594;0.0102575570840771;0.008664787665005025;1.0;0.9908206572415014;0.9030857284261926;0.9011988137508082;0.3495829710857799;0.3457900197676991;0.5192536659263248;0.5153121450843845;0.5007013977264216;0.4877436339836132;1.0;0.8963900182836624;0.6749141297648347;0.6697105967488627;0.2480806114081928;0.2716994985508894;0.6638315115030624;0.6886090760847101;0.6758500211467835;0.8882926331197776;0.849060506391117;0.45009269953465997;0.6181493905215969;0.6115982529759415;0.5264004478998738;0.5395830383608691;0.6242634552894403;0.6028627226583713;0.5392457633233768;0.530672909091908;0.0336849506681469;0.0347042498456505;2.26292625659605;6.308656905138225;2.423696138899449;1.5769017092044877;2.3080590570342876
division_6_size_25;0.45125500297021387;0.0054596200898912;0.007905919719012361;1.0;0.9912749581049417;0.8917137412964528;0.8911818607523603;0.3573102768306857;0.35098741416042556;0.5404966870171461;0.531283715624603;0.5101803410324776;0.49870892186899357;1.0000000000000002;0.9012977223494175;0.7003639449240258;0.6927028682797014;0.2742745445142339;0.29966180837421164;0.6758180089935003;0.7042070867680778;0.6910142156519741;0.8878427783089127;0.8516915367764698;0.4799032423279307;0.629982937610856;0.6213140076913608;0.5306728533135123;0.5452797965096288;0.6624300200873723;0.6336251155724624;0.6012459831323878;0.5927346303250759;0.0282909987347402;0.03259972828586974;2.2544836382170295;6.501200489691856;2.4848188304707373;1.5920498650769903;2.4243317941441282
division_6_size_5;0.4453556978065389;0.0106901352804401;0.006386697285594942;1.0;0.9884876665358593;0.9312342397488044;0.9284351579153638;0.5478006834891203;0.5149015842363617;0.49008354933182907;0.5021208463708818;0.4104362457700522;0.4108456562459031;1.0;0.9043076203417395;0.6983174144251543;0.6958546562725975;0.3001585845036709;0.32174643778482986;0.6132386803230301;0.6497909439278545;0.6352188358697984;0.8155814505899934;0.7822669967594814;0.41963364211658916;0.5462953142621748;0.5382249309098808;0.4726598613833992;0.4857077977525597;0.597564058001649;0.5783392445489601;0.522845214822484;0.5161540819911558;0.0356149705269425;0.03717954031107182;2.489725058518365;6.013649087686432;2.4089122446988775;1.465372394517848;2.139364448469707
division_6_size_3;0.3641158271090342;0.1200050949828678;0.11024467938919821;0.6895538206859932;0.6913055432284616;0.8460955644678587;0.8144332833421815;1.0;0.9060146047616545;0.44467849539105836;0.5133373543961804;0.2004208450694022;0.2500291266197717;1.0;0.9097796941220688;0.6220528652870473;0.6759069398406427;0.6238045266540826;0.5933353536431469;0.47323852645641873;0.5134470534981102;0.5004510472695685;0.5934017024379035;0.5719197086323449;0.3789801060389575;0.4026428616356857;0.39142292184742417;0.3420372707057952;0.3575100330683152;0.5251503891937075;0.5181392978277005;0.584497973490557;0.5664290514471169;0.0351157891060397;0.04174774958996488;2.65565448013672;5.407455487972292;2.446278237010532;1.1068487559360136;1.8543284950257453
division_7_size_bulk;0.47971099215597923;0.0290967758326178;0.025664697253942412;0.9999999999999998;0.9958951254911927;0.9298217776453152;0.9287543604624428;0.37319874441202;0.374576187109242;0.5493630383463174;0.40666162357685276;0.4665691810171377;0.43035924874077836;0.3342159370116595;0.36769155646173896;0.6424387408955722;0.5751539209557117;0.4506472282072021;0.44965664171675546;0.5355521936239687;0.4877682105510127;0.4771428480453598;0.5875898777168138;0.5802353371614237;0.663191917504942;1.0;0.9817000378170281;0.888314960517906;0.8844969412869457;0.7167024227813792;0.7363442520543652;0.753478648339845;0.7271659439871742;0.1102586498489441;0.10644545822608274;2.332117297889953;6.327725207038529;1.8938710871315716;1.0753580882678264;3.35849603163913
division_7_size_75;0.4893936995808343;0.0311067010314649;0.028826151067827006;1.0000000000000002;0.9956379797299206;0.9387713451688562;0.9381882979407481;0.3933335562995716;0.3941529459824528;0.548094060475172;0.3968841045108417;0.4551079738907444;0.41703818306764445;0.3256721515114038;0.35794619390835997;0.6375732165219204;0.569853666595578;0.4512480395799192;0.44857820841571766;0.542599501493251;0.5022820075406828;0.4911322373336773;0.6105579651798586;0.6008862331316339;0.6641510966538815;1.0;0.9802279218888129;0.8803490975225856;0.8783561274714117;0.7224680015203251;0.7409665610452156;0.7661017859491406;0.7383486984334361;0.0984326412054572;0.09685427824029076;2.363211602499893;6.35136023921658;1.8696013815039878;1.1128399727205414;3.368918884992051
division_7_size_25;0.4736370120421395;0.0334921448241444;0.028856030561845;1.0;0.9967345682186892;0.9321187977636616;0.9306499247983657;0.369697072126783;0.3701382941263712;0.5494965930729473;0.4044555562278384;0.4608222732614055;0.422907073133695;0.3351801303183636;0.3674443426354783;0.6475448389416272;0.5786205027008953;0.4664419890600315;0.46132584475071026;0.5458076256962703;0.5072327615092376;0.49523953827356315;0.6126770923664833;0.6030544764716839;0.6600300357375267;1.0;0.978776217477321;0.8693635942474618;0.8681713368957245;0.7189261498617994;0.7365432841954008;0.7594016382430284;0.7328644457555732;0.0934208593224258;0.0920676112348087;2.335308014714589;6.377590467809438;1.909989231581428;1.1199098538757208;3.3476913823522896
division_7_size_5;0.3092219907801227;0.3328933608445212;0.2712431186745863;0.1563960978245462;0.17686038619037525;0.3208389646496932;0.3125108188639886;1.0;0.9381858648837903;0.39704604993532816;0.3140687786292746;0.4642482458848753;0.43365055903209065;0.3361468096517365;0.32701982032821736;0.0986550890993746;0.1728668799070855;0.3586311378828899;0.2947986015071872;0.20151524857597508;0.1899178990712811;0.17108518694922376;0.1346027694245424;0.14120219359646577;0.5567588385077822;0.7328229227374621;0.7310841067131864;1.0;0.9642273474433788;0.561974261376017;0.6139595165602054;0.6654066907654952;0.5845603517593384;0.4068671295834736;0.3525724138654655;1.8101284233187607;4.542405825893675;1.2576812825188763;0.3245206684958235;2.9602038748789745
division_7_size_3;0.28975373443790986;0.3796773055628575;0.3265092992659511;0.1901371745734774;0.20474669197091228;0.385183767677139;0.37490501131766985;1.0000000000000002;0.9196357974920492;0.4968173483169187;0.521195498352478;0.6562361694389425;0.6161890119076319;0.7744002608126868;0.5826103953258134;0.2128143074386208;0.3426053920393298;0.7100752521358118;0.5921014485991104;0.33764425566340656;0.3554517870205089;0.3278598558285845;0.2750167098229019;0.2765050660115286;0.5579431929391303;0.7971958154585796;0.7886422043484383;1.0;0.9461874779939291;0.5375384760005011;0.5979809174164816;0.705833305215017;0.6426345204951327;0.2861238210534749;0.24076157436142842;1.9549982478134742;6.024562083343571;2.353525989826062;0.6304684968434108;3.0405675966740975
division_7_size_2.5;0.27878930282592757;0.4669949455739367;0.41260971261785656;0.1709574920380575;0.17465436351790786;0.2793441181406721;0.2825215334001039;1.0;0.9047922123383373;0.42075619622253413;0.4094823973066409;0.5402986225247077;0.5042320934330208;0.6288026428651221;0.47479601609952077;0.1434828260015966;0.25347410167829487;0.5434984719346019;0.4469762649634225;0.25076666303819656;0.358597627471616;0.32879090802097716;0.2542925279346715;0.24761732778421522;0.5139947138900057;0.3549228413594215;0.3709691895121889;0.8238072314614975;0.8140011786955288;1.0;0.9711220074511696;0.7513080540923963;0.7440747793725225;0.1281814386001547;0.12077270184468429;1.9172965557526664;5.3990108456456305;1.8560825633260283;0.6128901554062876;2.930038126913315
division_7_size_2;0.31710392613862914;0.4230018207485134;0.37557621930414414;0.2284619341907335;0.2390711822039705;0.4011541131884037;0.38935076113396994;1.0;0.9111620016587345;0.314863138642543;0.3017363103174831;0.3316859163550472;0.3236260343534189;0.5348888718412022;0.4288224468365852;0.1538310806030012;0.22557906148042667;0.3642366808866449;0.30740430728496587;0.22929838898450416;0.3081096325842693;0.28156512901473;0.287383221568252;0.2734928355277281;0.3673796369276199;0.1475533901903604;0.17321242885245683;0.5172258401935812;0.5187694114852217;0.9999999999999998;0.9203945898617846;0.6262917906612624;0.6231060086990716;0.0476483218522388;0.0481252708230534;2.052617868127651;4.27120642488362;1.3846425496858954;0.5954928541525213;2.2910710210452034
division_7_size_0.4;0.3371335325069324;0.1665311080344182;0.16316416556748156;0.0803311589945158;0.08847718344978653;0.3009361637115028;0.3078647109047607;0.9389894228133544;0.8765007899969381;0.34370663362937104;0.24573388993809545;0.310184508439082;0.29932827605092255;0.3515141542532075;0.2907007118316339;0.1699081757826497;0.19623854043105388;0.2362039335861456;0.2220971210836597;0.4642239931965461;0.759163139308628;0.6911853495110347;0.8799379258644462;0.734300712477024;0.35701369352715645;0.1983516828525019;0.218573559327007;0.6160559362405928;0.6262774722262913;1.0;0.8938683484214756;0.3936139768387501;0.4237860614905487;0.0099034336126558;0.010619894729699063;1.486787853553791;4.914933433166004;1.0678107720610848;1.6391010651730742;2.2080215959318448
division_8_size_bulk;0.4785533054577374;0.0088143103613494;0.008840394635980625;1.0;0.9933257971806725;0.8980746056125224;0.8995116699285884;0.3410976621842272;0.3439607429456059;0.453561475852497;0.36794492095090303;0.2742565692033833;0.26775078226390614;0.6057631960861922;0.5301579009221116;0.5808546948682258;0.5616335223319441;0.3812630508834796;0.3909079804458562;0.482535803864701;0.4831287053939462;0.4802282289258781;0.5951715179221466;0.5726479933107349;0.5032700606136292;0.5174518419153901;0.5144633219117568;0.6249555995381648;0.6534352222373753;1.0;0.9517646387490661;0.6733186880398304;0.6771101035027529;0.0213173311624216;0.025048084011275094;2.247986578158099;5.736163863850759;1.842137511041281;1.0783002233160928;2.8157261294933855
division_8_size_70;0.49621415108860695;0.0113479369388404;0.012261665546692151;1.0;0.9932039848593289;0.8997603578983492;0.9002747599006905;0.4173054202629845;0.41272505395454645;0.5928216627016707;0.4738636284757954;0.3951159563119961;0.37601946001814196;0.6241657073923538;0.620026494929236;0.7682312893500942;0.728232080101133;0.5103277073750726;0.5182984817012967;0.6454796941572808;0.6378660339083582;0.6324320593575691;0.794692216013139;0.7621497333467038;0.6557029545882612;0.7665771498640083;0.7562943489677525;0.7943102312616158;0.8103273776335305;1.0;0.9737532119207187;0.8879904116926642;0.8687725120793138;0.0466529759516135;0.0523199300739753;2.3284137151001745;7.179276703169303;2.2978406604295163;1.432558249921497;3.4488777928182883
division_8_size_25;0.4672713769472567;0.0132536901427322;0.01455018585597039;1.0;0.9897842546988248;0.911257161271926;0.9132975762999008;0.351941422340954;0.35185719734515486;0.5624197236812287;0.467929603582555;0.385795991306477;0.36916549636875123;0.6537719453117901;0.6431089152003602;0.7689851974337082;0.7150907994811634;0.4703336631516008;0.4849318632938909;0.6228760049393932;0.6084019457115312;0.6059725391033871;0.7687279220316477;0.7347176337764929;0.6030750902601378;0.7087157385770576;0.7008220824809425;0.7457951711566482;0.7675868796911577;1.0;0.9682347845917684;0.7754796927026851;0.7686676678309442;0.0446406880972074;0.04867855695696887;2.276452273755612;6.886007267383146;2.278886797203576;1.377129867743179;3.229990602436391
division_8_size_5;0.5142932932414058;0.0533058137295505;0.055840336207070324;0.9999999999999998;0.9764794775612655;0.9113967482903124;0.9035910054324323;0.7894226680136509;0.7437819013336465;0.244278937996821;0.1796620700613646;0.1296032524837274;0.13273657135062797;0.2406500362776009;0.23688645916543902;0.2561531287157454;0.24762474095602588;0.1961225979188584;0.19934939149128322;0.21526048132852116;0.2501152085058503;0.2440283206351489;0.2685355971006684;0.25506404298536073;0.30717692946251907;0.1693229729025346;0.18638189828016502;0.4112892821495137;0.45669505130536875;1.0;0.8792719458782055;0.2717869027020897;0.3467693077155551;0.0112730023245317;0.011615812069349911;2.7541252300335133;3.193578978756589;0.8225290153959322;0.5186508056065187;1.8523991577541379
division_8_size_3;0.32299099722510033;0.0452354262399417;0.04587246604593408;0.6783948024729318;0.6548457542334537;0.6008506216203038;0.5987552237151732;1.0;0.8893922281146791;0.232766581870351;0.1699161977854201;0.1051726742400857;0.11549531384967371;0.2467347628519173;0.23839006555374323;0.2346807131674221;0.2327535944277543;0.1860368723413538;0.1874370765044379;0.21952848660492646;0.2925522243795545;0.27860414149774765;0.2976162444295507;0.26773623779177147;0.286469606377234;0.1215182860596497;0.13598263661732327;0.3818821365458543;0.4298724754919985;1.0;0.8695364828921313;0.2468243371289758;0.3257836500562593;0.0124421548127095;0.012962981608475907;2.3244808503331775;3.113018251144364;0.7726250226007789;0.5901684688091052;1.7502247597344798
division_8_size_2.5;0.2566464134503254;0.016277342970777;0.024230217875329405;0.4636011929490988;0.44896689041290055;0.4182098367630371;0.40639664366403416;1.0;0.8823754937009491;0.23392469561064208;0.16122586166607147;0.1231269657847293;0.1289531534735904;0.2145749710847178;0.20988300566935622;0.2319885812269565;0.2226364394420446;0.1694815375523316;0.17163205742316257;0.2134001690703093;0.2861263992153014;0.27100465678894836;0.2884172519092965;0.25566566418713926;0.2986425615157282;0.1320459900770599;0.14934811877323198;0.3855452596276054;0.4276902878998114;1.0000000000000002;0.8800565424179446;0.2797586619078689;0.35648431646403117;0.0146131755127001;0.01497231803863129;1.898088372682913;3.111065618385868;0.7391720556487352;0.5745436511245979;1.7973499116125344
division_8_size_2;0.30993189904238794;0.0682946921341441;0.06640363014058974;0.5175124599234425;0.5024059363607657;0.4623153311744298;0.46117587712324537;1.0;0.8906677271165613;0.176414402449922;0.09944163283083886;0.0704781265595359;0.07309341632638121;0.1322258449046773;0.12969843202827971;0.1542427533646749;0.1456776947078744;0.114570940886907;0.11376865636188932;0.15621838640299432;0.223446187371603;0.21156707791326118;0.2285609215072995;0.20198084230914368;0.2441712859999196;0.071564710006578;0.08490316323156567;0.371893887096907;0.41534387274091344;1.0;0.8526433902417879;0.1565834520933071;0.24088311164140516;0.0101902801640606;0.007808618081047783;2.0481224832320164;2.52356682379149;0.4715176657157951;0.4520071088789025;1.6000420491967922
division_8_size_0.4;0.2223042293412201;0.1161754071210793;0.11370176652668045;0.2552965104521507;0.26213246253768835;0.287841978914632;0.2869619827539663;1.0;0.8752323012510266;0.16206078394805615;0.09782004716469524;0.0742815295287311;0.07549018585868617;0.1176309891362197;0.11751325810890229;0.1640393873920917;0.14767941859744077;0.1139901517609699;0.11027704889112859;0.106471200417162;0.1767443463120915;0.1610753524412119;0.1246683597870411;0.12512948636717833;0.23793045366015347;0.0567815390645867;0.07562197795150746;0.3546040961998958;0.4017098653310527;1.0000000000000002;0.8618097506492968;0.1629764696783765;0.24985853490134774;0.0105939516271713;0.010913417787138304;1.659313896487862;2.345716868860004;0.46994205781801246;0.3014127060991326;1.574362104942859
division_8_size_0.2;0.1174201361312233;0.0321062013573094;0.03851732280957721;0.0466955467018831;0.047264416976472094;0.0731040383118296;0.07088276830159526;1.0;0.8582583274252736;0.2001469339309852;0.15567752425762094;0.1575545539533175;0.14362374363243946;0.1312818015114277;0.13751710077035897;0.2329138778900539;0.22776212047384606;0.2867905235216414;0.20829202689137397;0.157730866628403;0.2448507003842636;0.2263857698647821;0.1936198232562457;0.1899584235628862;0.25462913234074575;0.1019859510307359;0.11679883464062463;0.422620143216821;0.4614511267649912;1.0;0.8484813435980526;0.1632045422461003;0.2404809188822871;0.0166928847532255;0.019001986479467995;1.151905786371022;2.9348219170106074;0.8085407568764406;0.4384705236405093;1.6878106364936574
division_9_size_bulk;0.5094143967120887;0.0253559783464659;0.025121044364449494;1.0;0.9892917472267134;0.9612394659526629;0.9614898415727824;0.4770407332062684;0.4701145234743305;0.6746125511582962;0.5837619960127524;0.4110664916297199;0.39568666759291227;0.8273013002165068;0.8149477540399205;1.0;0.9470405837349858;0.6636233495865514;0.6727223436245019;0.783615305354955;0.7743193322390493;0.7663870087632193;0.9592753120699612;0.9195079584533036;0.6883256897885509;0.9066326222989216;0.890127849611702;0.8373816244572385;0.8502451839002283;0.9337242938616328;0.9263199296081304;0.9644506292017272;0.8711677864483293;0.0529543590334254;0.05889870637454615;2.463636177505397;8.277774955561307;2.901991141432778;1.7335946443090104;3.6421891698195203
division_9_size_70;0.4980393138888741;0.017227326690582;0.016556235582937007;1.0;0.9820990291991821;0.9454209889677742;0.947167381722446;0.5603526540110427;0.5586476094169525;0.3095144515898125;0.3671592909153542;0.1679004004750367;0.17047712457891706;1.0;0.8464455708483634;0.7035328991251826;0.6814000477672362;0.1735273237920045;0.2001446839608839;0.4410272018067702;0.488387783365993;0.46985772742148046;0.676296218214006;0.6340765247404774;0.20071762189064624;0.2902458802592645;0.2881063213861239;0.2283358032633209;0.22948819218707994;0.199311217026939;0.20007315439534099;0.1993121026140188;0.19218110016810824;0.0846453351607028;0.08772769529070361;2.5230009696693987;4.126849628135766;2.0449606233922237;1.164684001579999;0.9172050031635433
division_9_size_25;0.4893499723625489;0.0236632737717134;0.02410170610724072;1.0;0.9788298801983689;0.9474334742221076;0.9488300858283958;0.5181276285718028;0.514283257407487;0.37391959759505305;0.4091179990308895;0.2402678619184603;0.23421379617576132;1.0000000000000002;0.847905088084957;0.7542066096693728;0.7280587993799179;0.2387343471213969;0.26459490888235304;0.5029664394751523;0.5331016219783402;0.517347174440839;0.7299774785686048;0.6897244907460764;0.28317405755716024;0.4095485316092565;0.4050242189472927;0.331401276634646;0.3325159970003596;0.2942732857160619;0.2964524420327779;0.3053172534550626;0.29433402959529914;0.0850483111195843;0.08841193525394646;2.4892243765656237;4.836828266671202;2.23320881870923;1.263079100546945;1.340540347415027
division_9_size_5;0.5293981702364252;0.0719043102452241;0.07126160482692813;1.0000000000000002;0.9850654370326527;0.860246103159729;0.8644305206063356;0.7834717174591543;0.7641335594088849;0.23783802744803081;0.32301384768367025;0.086975084610914;0.09979251252256635;1.0;0.8469918082570889;0.63483126352025;0.622589866025103;0.117457349301478;0.1405269920240329;0.3496137972153826;0.4027096166314658;0.38368853784723556;0.5915292993985599;0.546535789243065;0.1182542577248366;0.1673553259236297;0.16633422081096694;0.1248473993540253;0.12443196900460197;0.0996363800983961;0.09987173119234088;0.1037949915459383;0.09974844234079705;0.072279181169917;0.07598728139696884;2.7156221308641078;3.3291367103846574;1.8392636974326422;0.9942389160300258;0.49563409692198934
division_9_size_3;0.5083043324018005;0.1100227707253075;0.11481510240740928;1.0;0.9851075141468508;0.7688518136227501;0.77531001256885;0.832519801979318;0.8109021968591116;0.20050856930846966;0.29707412846352277;0.0348476272049589;0.0551247623083311;1.0;0.8419016596081099;0.6214123385218376;0.6069498284949936;0.0755142255387123;0.10350966361305287;0.3068052564458509;0.3731981499990155;0.35264162661689175;0.5607451947468132;0.5124727763601347;0.07512229669483214;0.0957768076909475;0.09463371888164399;0.0670082313693266;0.06742688673188955;0.0561051280512086;0.055263373806677056;0.0535580097686328;0.05226950275263183;0.0728359940994533;0.0769616779554199;2.7113943863273757;2.9381657128914527;1.731774191265509;0.9339433447458287;0.27244817688011547
division_9_size_2.5;0.4803714392012944;0.1450623849861636;0.13920637425290622;0.9048246741432422;0.887014697853663;0.6511815137288968;0.6570494302375866;0.854212420120867;0.8285660690885716;0.1856559326312617;0.2872136682721807;0.0338259738605974;0.054170916459588214;1.0;0.844612687921975;0.5820558815426274;0.5742449396053306;0.0549914244103237;0.07882959463390732;0.2904371569584488;0.3530570755610506;0.33305087042532333;0.5450012854320888;0.49599367945043527;0.057284440534746184;0.0796140259112659;0.07938502909058168;0.0535803704983453;0.052821005615586815;0.0294853187788789;0.029294374363278104;0.0264084604805918;0.025114085292193125;0.0656653640556939;0.06881171580697834;2.5552809929791693;2.7580198164757697;1.6708732798135486;0.8980583609931394;0.1890881756690819
division_9_size_2;0.5274008433546072;0.156158070622572;0.15218785126150342;1.0;0.9788714253577804;0.8056307868945202;0.8049421457312393;0.8021453823847183;0.7902220328137428;0.20323722096610933;0.3013833036171099;0.0295349202087749;0.05035774585793842;1.0;0.8336334189146151;0.680401798045741;0.652710452955087;0.075294932075242;0.11471903977436562;0.3103865707315273;0.378363794715521;0.3576366247436929;0.5713271997934456;0.5217297851262781;0.07624120384345218;0.0925008629701367;0.09085408143235794;0.0610432476852714;0.0620906416694855;0.05549483025043;0.0542344610761067;0.0548952178607317;0.05406398319004395;0.0820726958206303;0.0858839889473886;2.7639342399018103;2.9988568036052943;1.7852316503297578;0.9496909945089667;0.2639341587665698
division_9_size_0.4;0.5225841153635918;0.1804640867761564;0.17551220808024312;1.0;0.9836244642279183;0.8055100398382223;0.8041655884958704;0.993142383892227;0.9298674382852685;0.20108577013211262;0.3019403568010777;0.0371058841717597;0.057011607290524964;1.0;0.8471936933028813;0.5938760954863112;0.5903634897254701;0.1058906125058599;0.1251626371039941;0.29344764111967075;0.3560291678408782;0.33602679585665196;0.5330611048037506;0.4873089545466881;0.07943592977434732;0.1006923563785296;0.09988033564366065;0.0727086920875191;0.07233613628372022;0.0580284704047668;0.05900033256667908;0.0668533853965033;0.06386751886826143;0.0717887112906322;0.07547914281401423;2.9791165105066058;2.924245769075878;1.7368725921639308;0.8890902726446288;0.2982829042673188
division_9_size_0.2;0.3471448552320055;0.1598669086385858;0.16291726998699504;0.5671988834287756;0.5554823695920791;0.5089324126237265;0.50754497938359;1.0;0.9161578489291733;0.229779051012418;0.3279068595169968;0.0762558158711003;0.09316895872894665;1.0;0.8608367509730374;0.5637766949918878;0.5793731887007224;0.1673494705458131;0.17621123436453207;0.32909089447778694;0.3942693237973521;0.3718828648692728;0.5669122363345015;0.5222890114644441;0.10670603886240591;0.144370474505788;0.1425031056801555;0.1042248776709576;0.10510758426973436;0.0916057113495836;0.09126992006531873;0.0822085624437798;0.081323200218536;0.0793649337396948;0.08465207745929341;2.2359982046910876;3.1909731675107635;1.807381981408801;0.9611815601318536;0.422409625970109
division_10_size_bulk;0.46561462169593015;0.0095895937938774;0.011290708399490312;1.0;0.990074996424196;0.8990497335298476;0.8978420519340622;0.328292596241247;0.33045974033059233;0.5763682017466728;0.42284021949087175;0.4813903363927934;0.43966146690287805;0.3806070453173026;0.4074050180958316;0.6713236036081861;0.6132160923039784;0.4472285232405731;0.45090859698050023;0.6147779709768676;0.5883640757675928;0.5763088919618901;0.7241620869071007;0.7101241118083441;0.6722630939175273;1.0000000000000002;0.9755293054193628;0.8380039929793958;0.8429120752003263;0.7458928594633464;0.7597848841297384;0.818403749675793;0.7813735041610408;0.0652908741085607;0.06899865567368298;2.236931923564972;6.695376273352084;1.9805495085588554;1.3125261626746934;3.402300602118535
division_10_size_70;0.4729790477304656;0.0134954675381865;0.013914079933343728;1.0;0.9940327232444539;0.9811145082187752;0.9757318776080856;0.4126680565473403;0.40623574617351205;0.6443151546574152;0.5401897135427055;0.5147026370090917;0.49008265002577556;0.6640188568192125;0.656755573239264;0.7468102831747279;0.7284321704167704;0.5989360858862518;0.5881732172424369;0.685861314947406;0.6738753768776136;0.6591644762754139;0.8036993803336606;0.7881453830157144;0.7016234847939119;1.0;0.9753209266934761;0.8522286005416788;0.8629988406131784;0.8375787768607316;0.8444707190553372;0.904031930279103;0.8567372899426652;0.0531601144732384;0.05897590336561234;2.407278032304302;7.595881927782071;2.524467862889284;1.4775747572112743;3.593839307681513
division_10_size_50;0.4594777603950843;0.0119231139062328;0.012897438099309065;1.0000000000000002;0.9890216022268234;0.8968056359481078;0.8958467572470376;0.3205275080720406;0.3233455027931701;0.5715692857993803;0.416614310961892;0.4715775024507617;0.43022050195125555;0.3631072109860491;0.3929596565151199;0.6755815979415531;0.6122053086853718;0.4465094138159592;0.45074235129159207;0.6112782536658732;0.5902703540876671;0.5769820225486638;0.7152455185627133;0.7024786979076241;0.667885528753827;1.0;0.9753674335883483;0.837738719158597;0.842586966532466;0.744362845193276;0.757161998129599;0.8038966076297149;0.7671360699242878;0.0630520324705954;0.06653943290412681;2.2292562579263815;6.648289769826292;1.9567757251943232;1.3055158726503806;3.385998171981588
division_10_size_25;0.4565935923587667;0.0112102501816268;0.011978475339870903;1.0000000000000002;0.987208312194098;0.8848334791175478;0.8835540915160177;0.3072713118812916;0.31086093984121455;0.5755134095534139;0.4239251562282227;0.4798553446980647;0.43828407651368206;0.3788427738425332;0.4068866549603534;0.6796260485782587;0.6192525566023716;0.4488944063114622;0.45338205802910214;0.614897551724575;0.5886879227282699;0.5768591050421671;0.7224194464474851;0.7087256843138126;0.6694686610105317;1.0;0.9754121458264807;0.8421477653827952;0.8468708975686913;0.7504258435507909;0.7629938722680362;0.8102493322034564;0.7724499077016986;0.0628364255997725;0.06644001635236735;2.203315041180466;6.701148883743116;1.987218573430319;1.311107369175755;3.4028229411370425
division_10_size_5;0.47803158264261814;0.0833581191178443;0.0667119037801524;0.9581011496318534;0.9396736762044132;0.9999999999999998;0.9825918213029942;0.6453195368390359;0.6212449354976822;0.46237183452536845;0.2948988935775136;0.3810834592096455;0.358246612361647;0.2815266600793165;0.2932955974503116;0.3192728595841092;0.3152817249678616;0.2795752099811087;0.2737979577841734;0.3633399368443745;0.3095037692835609;0.30129241552874253;0.3489718328120392;0.3538548509524398;0.6372722862235578;0.8912320485501781;0.8841710059865907;1.0;0.9595300098954146;0.6111067555138132;0.6581297189839308;0.7645882854335386;0.7004415764984067;0.25512388553162;0.22958073880946228;2.686778805588733;5.18686088044731;1.2614581888541798;0.6584756020956001;3.2669270894975297
division_10_size_4;0.5161254411770393;0.0957534303582225;0.07857729626635039;0.9538963198328878;0.9315891630189109;1.0;0.983181070531746;0.7711279365379053;0.7414684878587041;0.4522136245066574;0.2797281394564118;0.3704630597895816;0.34536274539661227;0.2703222125019051;0.28036154183341633;0.2934701630750148;0.293295691616963;0.2702289495832563;0.262648193310231;0.3512243034837976;0.308783398413206;0.29914640783771995;0.3357695427024969;0.3413412786399541;0.6318468180063156;0.8830864095841231;0.8739587585435905;1.0;0.953864818175452;0.6058655942096074;0.6557933364685942;0.7865922782882451;0.7190563060550288;0.240485609776724;0.21345883832753132;2.820777686729016;5.1245816081474365;1.2044843849497577;0.6445529411157029;3.2755442820819756
division_10_size_3;0.46191318701774564;0.1416831361511255;0.11791288160276713;0.8940642369884365;0.8810095337977006;1.0;0.9717636595247399;0.9051364436210636;0.8500363186319078;0.4302671485537979;0.2587207826826403;0.366026562719132;0.33798808141830067;0.2738234003876154;0.27414858097809486;0.2132254995438426;0.2310383697888495;0.2649008417354129;0.24489406507144826;0.32396846006225105;0.312691987938995;0.29726287057383516;0.3150011165338467;0.3199764248575668;0.611844855309656;0.8419760172043523;0.8316915221973884;1.0;0.9504486826170089;0.6051417354966185;0.6555011453058972;0.7859330516648644;0.7231238100788617;0.2080659787280718;0.18608779538311007;2.9408838167606257;4.978720213224681;1.1179763043860027;0.6276931044728418;3.2330508043658353
division_10_size_2.5;0.498129441630944;0.063763848804585;0.059521610607774;0.8663209043151168;0.8363213116643322;1.0000000000000002;0.9568323650391033;0.8334646803545536;0.8005019839895313;0.4221623863501381;0.2515784627059361;0.3297337654315121;0.3059070530078262;0.272280439105839;0.2722465732211373;0.2231825348150914;0.23456788785920335;0.243564975337484;0.23193907572655462;0.3141002687752302;0.2868520818338933;0.2746004643859854;0.2880706915098715;0.2968563314923756;0.6038984311485789;0.8550922520841102;0.8459655000598031;1.0;0.940658703217774;0.5348733404550461;0.5930906142985568;0.7789401706315195;0.6939457545057942;0.2513256262983278;0.22239817783358776;2.7635494334742554;4.812590251204367;1.0687617146899266;0.5749227733437648;3.1689057631706756
division_10_size_2;0.40682582341087287;0.0648587167695383;0.06511738369368957;0.6904945277092265;0.6668354405251601;0.8031461235759296;0.7890056406070626;0.9999999999999998;0.928437435420645;0.4020601169610755;0.2352698303764512;0.3115981750280975;0.2952139878429326;0.3566220367608933;0.3115271409940385;0.1565541034105949;0.18637603180333406;0.2058743554752721;0.19042882421316076;0.2968041257590678;0.358111446948289;0.3358526500939987;0.3257661246201626;0.3269781666648581;0.5795535369770599;0.5454280609252862;0.5480871242078487;0.8893626016895512;0.8802305387315753;1.0;0.9714918093707935;0.8142447715119228;0.8033305332740762;0.082320378562367;0.07453289459727831;2.558499368054694;4.9635616763700705;1.0306486706748577;0.6838775715684515;3.2490354341267604
division_10_size_0.4;0.3460508769634894;0.2079289166448568;0.16286649288438215;0.3560392068535587;0.34149229917824325;0.6038950456308827;0.5922028436585999;1.0000000000000004;0.926478350051851;0.3529076023267308;0.15623082570113067;0.2274133195291088;0.2192106551497713;0.3198269775424383;0.23652316869542203;0.0172294681498594;0.06084372225513468;0.1225001061512898;0.09986838034889595;0.22791667374186192;0.3303677961126245;0.29801173525509356;0.2964515365932132;0.2922908865776419;0.5626415776222239;0.5152323852048772;0.520146361636876;0.9999999999999998;0.9555296630493917;0.9545951638975652;0.947988816769455;0.8059065164712382;0.7963126104248864;0.1823089647435234;0.14892754168289288;2.1678631691292987;4.589523269652214;0.6869698713726963;0.6268193327058378;3.2757340655736806
division_10_size_0.2;0.5309269170469032;0.7322300988834982;0.6819183051863555;0.0166022566451338;0.0411107817628371;0.2450624317018106;0.23678741584373109;1.0;0.9541105186704146;0.6086886151251104;0.46761434558203246;0.670812066143778;0.6599697946759279;0.4251629569621637;0.3887293730506723;0.0;0.09568359867264875;0.5738813846190352;0.4292438470638719;0.5042260251837487;0.4919809133547083;0.4853973431273432;0.4883234884660895;0.4985668853038186;0.766514769211279;0.7168292393946087;0.7239596620700329;0.9814435594914176;0.9643209470752121;1.0;0.987576904620356;0.8460694813291141;0.8402828400815174;0.5752723122494121;0.5729675148353023;1.9938947872304427;6.194503089760915;1.669856407724977;0.9803044018207978;3.5443422802151403
